This is pdfTeX, Version 3.141592653-2.6-1.40.27 (MiKTeX 25.4) (preloaded format=pdflatex 2025.12.20)  21 MAY 2026 07:40
entering extended mode
 restricted \write18 enabled.
 file:line:error style messages enabled.
 %&-line parsing enabled.
**c:/Users/denpo/FCT/MEEC/ElectronicsMEEC2526/cs/Relatorio/main.tex
(c:/Users/denpo/FCT/MEEC/ElectronicsMEEC2526/cs/Relatorio/main.tex
LaTeX2e <2025-11-01>
L3 programming layer <2025-11-06>
(C:\Users\denpo\AppData\Local\Programs\MiKTeX\tex/latex/base\article.cls
Document Class: article 2025/01/22 v1.4n Standard LaTeX document class
(C:\Users\denpo\AppData\Local\Programs\MiKTeX\tex/latex/base\size10.clo
File: size10.clo 2025/01/22 v1.4n Standard LaTeX file (size option)
)
\c@part=\count275
\c@section=\count276
\c@subsection=\count277
\c@subsubsection=\count278
\c@paragraph=\count279
\c@subparagraph=\count280
\c@figure=\count281
\c@table=\count282
\abovecaptionskip=\skip49
\belowcaptionskip=\skip50
\bibindent=\dimen148
) (config.tex (C:\Users\denpo\AppData\Local\Programs\MiKTeX\tex/latex/base\inputenc.sty
Package: inputenc 2024/02/08 v1.3d Input encoding file
\inpenc@prehook=\toks17
\inpenc@posthook=\toks18
) (C:\Users\denpo\AppData\Local\Programs\MiKTeX\tex/latex/base\fontenc.sty
Package: fontenc 2025/07/18 v2.1d Standard LaTeX package
) (C:\Users\denpo\AppData\Local\Programs\MiKTeX\tex/generic/babel\babel.sty
Package: babel 2025/11/09 v25.15 The multilingual framework for LuaLaTeX, pdfLaTeX and XeLaTeX
\babel@savecnt=\count283
LaTeX Encoding Info:    Redeclaring text command \ij (encoding OT1) on input line 2050.
LaTeX Encoding Info:    Redeclaring text command \IJ (encoding OT1) on input line 2052.
LaTeX Encoding Info:    Redeclaring text command \ij (encoding T1) on input line 2054.
LaTeX Encoding Info:    Redeclaring text command \IJ (encoding T1) on input line 2055.
LaTeX Encoding Info:    Ignoring declaration for text command \ij (encoding ?) on input line 2056.
LaTeX Encoding Info:    Ignoring declaration for text command \IJ (encoding ?) on input line 2058.
LaTeX Encoding Info:    Ignoring declaration for text command \SS (encoding ?) on input line 2083.
\U@D=\dimen149
\l@unhyphenated=\language79
 (C:\Users\denpo\AppData\Local\Programs\MiKTeX\tex/generic/babel\txtbabel.def)
\bbl@readstream=\read2
\bbl@dirlevel=\count284
Package babel Info: Configuration files are deprecated, as
(babel)             they can break document portability.
(babel)             Reported on input line 4175.

*************************************
* Local config file bblopts.cfg used
*
(C:\Users\denpo\AppData\Local\Programs\MiKTeX\tex/latex/arabi\bblopts.cfg
File: bblopts.cfg 2005/09/08 v0.1 add Arabic and Farsi to "declared" options of babel
) (C:\Users\denpo\AppData\Local\Programs\MiKTeX\tex/generic/babel/locale/pt\babel-portuguese.tex)
Package babel Info: Importing font and identification data for portuguese
(babel)             from babel-pt.ini. Reported on input line 4298.
 (C:\Users\denpo\AppData\Local\Programs\MiKTeX\tex/latex/babel-portuges\portuguese.ldf
Language: portuges 2021/07/09 v1.2t Portuguese support from the babel system
Package babel Info: Making " an active character on input line 143.
)) (C:\Users\denpo\AppData\Local\Programs\MiKTeX\tex/latex/lm\lmodern.sty
Package: lmodern 2015/05/01 v1.6.1 Latin Modern Fonts
LaTeX Font Info:    Overwriting symbol font `operators' in version `normal'
(Font)                  OT1/cmr/m/n --> OT1/lmr/m/n on input line 22.
LaTeX Font Info:    Overwriting symbol font `letters' in version `normal'
(Font)                  OML/cmm/m/it --> OML/lmm/m/it on input line 23.
LaTeX Font Info:    Overwriting symbol font `symbols' in version `normal'
(Font)                  OMS/cmsy/m/n --> OMS/lmsy/m/n on input line 24.
LaTeX Font Info:    Overwriting symbol font `largesymbols' in version `normal'
(Font)                  OMX/cmex/m/n --> OMX/lmex/m/n on input line 25.
LaTeX Font Info:    Overwriting symbol font `operators' in version `bold'
(Font)                  OT1/cmr/bx/n --> OT1/lmr/bx/n on input line 26.
LaTeX Font Info:    Overwriting symbol font `letters' in version `bold'
(Font)                  OML/cmm/b/it --> OML/lmm/b/it on input line 27.
LaTeX Font Info:    Overwriting symbol font `symbols' in version `bold'
(Font)                  OMS/cmsy/b/n --> OMS/lmsy/b/n on input line 28.
LaTeX Font Info:    Overwriting symbol font `largesymbols' in version `bold'
(Font)                  OMX/cmex/m/n --> OMX/lmex/m/n on input line 29.
LaTeX Font Info:    Overwriting math alphabet `\mathbf' in version `normal'
(Font)                  OT1/cmr/bx/n --> OT1/lmr/bx/n on input line 31.
LaTeX Font Info:    Overwriting math alphabet `\mathsf' in version `normal'
(Font)                  OT1/cmss/m/n --> OT1/lmss/m/n on input line 32.
LaTeX Font Info:    Overwriting math alphabet `\mathit' in version `normal'
(Font)                  OT1/cmr/m/it --> OT1/lmr/m/it on input line 33.
LaTeX Font Info:    Overwriting math alphabet `\mathtt' in version `normal'
(Font)                  OT1/cmtt/m/n --> OT1/lmtt/m/n on input line 34.
LaTeX Font Info:    Overwriting math alphabet `\mathbf' in version `bold'
(Font)                  OT1/cmr/bx/n --> OT1/lmr/bx/n on input line 35.
LaTeX Font Info:    Overwriting math alphabet `\mathsf' in version `bold'
(Font)                  OT1/cmss/bx/n --> OT1/lmss/bx/n on input line 36.
LaTeX Font Info:    Overwriting math alphabet `\mathit' in version `bold'
(Font)                  OT1/cmr/bx/it --> OT1/lmr/bx/it on input line 37.
LaTeX Font Info:    Overwriting math alphabet `\mathtt' in version `bold'
(Font)                  OT1/cmtt/m/n --> OT1/lmtt/m/n on input line 38.
) (C:\Users\denpo\AppData\Local\Programs\MiKTeX\tex/latex/geometry\geometry.sty
Package: geometry 2020/01/02 v5.9 Page Geometry
 (C:\Users\denpo\AppData\Local\Programs\MiKTeX\tex/latex/graphics\keyval.sty
Package: keyval 2022/05/29 v1.15 key=value parser (DPC)
\KV@toks@=\toks19
) (C:\Users\denpo\AppData\Local\Programs\MiKTeX\tex/generic/iftex\ifvtex.sty
Package: ifvtex 2019/10/25 v1.7 ifvtex legacy package. Use iftex instead.
 (C:\Users\denpo\AppData\Local\Programs\MiKTeX\tex/generic/iftex\iftex.sty
Package: iftex 2024/12/12 v1.0g TeX engine tests
))
\Gm@cnth=\count285
\Gm@cntv=\count286
\c@Gm@tempcnt=\count287
\Gm@bindingoffset=\dimen150
\Gm@wd@mp=\dimen151
\Gm@odd@mp=\dimen152
\Gm@even@mp=\dimen153
\Gm@layoutwidth=\dimen154
\Gm@layoutheight=\dimen155
\Gm@layouthoffset=\dimen156
\Gm@layoutvoffset=\dimen157
\Gm@dimlist=\toks20
 (C:\Users\denpo\AppData\Local\Programs\MiKTeX\tex/latex/geometry\geometry.cfg)) (C:\Users\denpo\AppData\Local\Programs\MiKTeX\tex/latex/titlesec\titlesec.sty
Package: titlesec 2025/01/04 v2.17 Sectioning titles
\ttl@box=\box53
\beforetitleunit=\skip51
\aftertitleunit=\skip52
\ttl@plus=\dimen158
\ttl@minus=\dimen159
\ttl@toksa=\toks21
\titlewidth=\dimen160
\titlewidthlast=\dimen161
\titlewidthfirst=\dimen162
) (C:\Users\denpo\AppData\Local\Programs\MiKTeX\tex/latex/tools\indentfirst.sty
Package: indentfirst 2023/07/02 v1.03 Indent first paragraph (DPC)
) (C:\Users\denpo\AppData\Local\Programs\MiKTeX\tex/latex/pdfpages\pdfpages.sty
Package: pdfpages 2025/07/23 v0.6g Insert pages of external PDF documents (AM)
 (C:\Users\denpo\AppData\Local\Programs\MiKTeX\tex/latex/base\ifthen.sty
Package: ifthen 2024/03/16 v1.1e Standard LaTeX ifthen package (DPC)
) (C:\Users\denpo\AppData\Local\Programs\MiKTeX\tex/latex/tools\calc.sty
Package: calc 2025/03/01 v4.3b Infix arithmetic (KKT,FJ)
\calc@Acount=\count288
\calc@Bcount=\count289
\calc@Adimen=\dimen163
\calc@Bdimen=\dimen164
\calc@Askip=\skip53
\calc@Bskip=\skip54
LaTeX Info: Redefining \setlength on input line 86.
LaTeX Info: Redefining \addtolength on input line 87.
\calc@Ccount=\count290
\calc@Cskip=\skip55
) (C:\Users\denpo\AppData\Local\Programs\MiKTeX\tex/latex/eso-pic\eso-pic.sty
Package: eso-pic 2025/12/10 v3.0d eso-pic (RN)
\ESO@tempdima=\dimen165
\ESO@tempdimb=\dimen166
 (C:\Users\denpo\AppData\Local\Programs\MiKTeX\tex/latex/xcolor\xcolor.sty
Package: xcolor 2024/09/29 v3.02 LaTeX color extensions (UK)
 (C:\Users\denpo\AppData\Local\Programs\MiKTeX\tex/latex/graphics-cfg\color.cfg
File: color.cfg 2016/01/02 v1.6 sample color configuration
)
Package xcolor Info: Driver file: pdftex.def on input line 274.
 (C:\Users\denpo\AppData\Local\Programs\MiKTeX\tex/latex/graphics-def\pdftex.def
File: pdftex.def 2025/09/29 v1.2d Graphics/color driver for pdftex
) (C:\Users\denpo\AppData\Local\Programs\MiKTeX\tex/latex/graphics\mathcolor.ltx)
Package xcolor Info: Model `cmy' substituted by `cmy0' on input line 1349.
Package xcolor Info: Model `hsb' substituted by `rgb' on input line 1353.
Package xcolor Info: Model `RGB' extended on input line 1365.
Package xcolor Info: Model `HTML' substituted by `rgb' on input line 1367.
Package xcolor Info: Model `Hsb' substituted by `hsb' on input line 1368.
Package xcolor Info: Model `tHsb' substituted by `hsb' on input line 1369.
Package xcolor Info: Model `HSB' substituted by `hsb' on input line 1370.
Package xcolor Info: Model `Gray' substituted by `gray' on input line 1371.
Package xcolor Info: Model `wave' substituted by `hsb' on input line 1372.
)) (C:\Users\denpo\AppData\Local\Programs\MiKTeX\tex/latex/etoolbox\etoolbox.sty
Package: etoolbox 2025/10/02 v2.5m e-TeX tools for LaTeX (JAW)
\etb@tempcnta=\count291
) (C:\Users\denpo\AppData\Local\Programs\MiKTeX\tex/latex/graphics\graphicx.sty
Package: graphicx 2024/12/31 v1.2e Enhanced LaTeX Graphics (DPC,SPQR)
 (C:\Users\denpo\AppData\Local\Programs\MiKTeX\tex/latex/graphics\graphics.sty
Package: graphics 2024/08/06 v1.4g Standard LaTeX Graphics (DPC,SPQR)
 (C:\Users\denpo\AppData\Local\Programs\MiKTeX\tex/latex/graphics\trig.sty
Package: trig 2023/12/02 v1.11 sin cos tan (DPC)
) (C:\Users\denpo\AppData\Local\Programs\MiKTeX\tex/latex/graphics-cfg\graphics.cfg
File: graphics.cfg 2016/06/04 v1.11 sample graphics configuration
)
Package graphics Info: Driver file: pdftex.def on input line 106.
)
\Gin@req@height=\dimen167
\Gin@req@width=\dimen168
)
\AM@pagewidth=\dimen169
\AM@pageheight=\dimen170
\AM@fboxrule=\dimen171
 (C:\Users\denpo\AppData\Local\Programs\MiKTeX\tex/latex/pdfpages\pppdftex.def
File: pppdftex.def 2025/07/23 v0.6g Pdfpages driver for pdfTeX (AM)
)
\pdfpages@includegraphics@status=\count292
\AM@pagebox=\box54
\AM@global@opts=\toks22
\AM@pagecnt=\count293
\AM@toc@title=\toks23
\AM@lof@heading=\toks24
\c@AM@survey=\count294
\AM@templatesizebox=\box55
) (C:\Users\denpo\AppData\Local\Programs\MiKTeX\tex/latex/titlesec\titletoc.sty
Package: titletoc 2025/01/04 v2.17 TOC entries
\ttl@leftsep=\dimen172
) (C:\Users\denpo\AppData\Local\Programs\MiKTeX\tex/latex/tocloft\tocloft.sty
Package: tocloft 2017/08/31 v2.3i parameterised ToC, etc., typesetting
Package tocloft Info: The document has section divisions on input line 51.
\cftparskip=\skip56
\cftbeforetoctitleskip=\skip57
\cftaftertoctitleskip=\skip58
\cftbeforepartskip=\skip59
\cftpartnumwidth=\skip60
\cftpartindent=\skip61
\cftbeforesecskip=\skip62
\cftsecindent=\skip63
\cftsecnumwidth=\skip64
\cftbeforesubsecskip=\skip65
\cftsubsecindent=\skip66
\cftsubsecnumwidth=\skip67
\cftbeforesubsubsecskip=\skip68
\cftsubsubsecindent=\skip69
\cftsubsubsecnumwidth=\skip70
\cftbeforeparaskip=\skip71
\cftparaindent=\skip72
\cftparanumwidth=\skip73
\cftbeforesubparaskip=\skip74
\cftsubparaindent=\skip75
\cftsubparanumwidth=\skip76
\cftbeforeloftitleskip=\skip77
\cftafterloftitleskip=\skip78
\cftbeforefigskip=\skip79
\cftfigindent=\skip80
\cftfignumwidth=\skip81
\c@lofdepth=\count295
\c@lotdepth=\count296
\cftbeforelottitleskip=\skip82
\cftafterlottitleskip=\skip83
\cftbeforetabskip=\skip84
\cfttabindent=\skip85
\cfttabnumwidth=\skip86
) (C:\Users\denpo\AppData\Local\Programs\MiKTeX\tex/latex/tocbibind\tocbibind.sty
Package: tocbibind 2010/10/13 v1.5k extra ToC listings
Package tocbibind Info: The document has section divisions on input line 50.


Package tocbibind Note: Using section or other style headings.

) (C:\Users\denpo\AppData\Local\Programs\MiKTeX\tex/latex/fancyhdr\fancyhdr.sty
Package: fancyhdr 2025/02/07 v5.2 Extensive control of page headers and footers
\f@nch@headwidth=\skip87
\f@nch@offset@elh=\skip88
\f@nch@offset@erh=\skip89
\f@nch@offset@olh=\skip90
\f@nch@offset@orh=\skip91
\f@nch@offset@elf=\skip92
\f@nch@offset@erf=\skip93
\f@nch@offset@olf=\skip94
\f@nch@offset@orf=\skip95
\f@nch@height=\skip96
\f@nch@footalignment=\skip97
\f@nch@widthL=\skip98
\f@nch@widthC=\skip99
\f@nch@widthR=\skip100
\@temptokenb=\toks25
) (C:\Users\denpo\AppData\Local\Programs\MiKTeX\tex/latex/setspace\setspace.sty
Package: setspace 2022/12/04 v6.7b set line spacing
) (C:\Users\denpo\AppData\Local\Programs\MiKTeX\tex/latex/parskip\parskip.sty
Package: parskip 2021-03-14 v2.0h non-zero parskip adjustments
 (C:\Users\denpo\AppData\Local\Programs\MiKTeX\tex/latex/kvoptions\kvoptions.sty
Package: kvoptions 2022-06-15 v3.15 Key value format for package options (HO)
 (C:\Users\denpo\AppData\Local\Programs\MiKTeX\tex/generic/ltxcmds\ltxcmds.sty
Package: ltxcmds 2023-12-04 v1.26 LaTeX kernel commands for general use (HO)
) (C:\Users\denpo\AppData\Local\Programs\MiKTeX\tex/latex/kvsetkeys\kvsetkeys.sty
Package: kvsetkeys 2022-10-05 v1.19 Key value parser (HO)
))) (C:\Users\denpo\AppData\Local\Programs\MiKTeX\tex/latex/enumitem\enumitem.sty
Package: enumitem 2025/02/06 v3.11 Customized lists
\labelindent=\skip101
\enit@outerparindent=\dimen173
\enit@toks=\toks26
\enit@inbox=\box56
\enit@count@id=\count297
\enitdp@description=\count298
) (C:\Users\denpo\AppData\Local\Programs\MiKTeX\tex/latex/tools\afterpage.sty
Package: afterpage 2023/07/04 v1.08 After-Page Package (DPC)
\AP@output=\toks27
\AP@partial=\box57
\AP@footins=\box58
) (C:\Users\denpo\AppData\Local\Programs\MiKTeX\tex/latex/listings\listings.sty
\lst@mode=\count299
\lst@gtempboxa=\box59
\lst@token=\toks28
\lst@length=\count300
\lst@currlwidth=\dimen174
\lst@column=\count301
\lst@pos=\count302
\lst@lostspace=\dimen175
\lst@width=\dimen176
\lst@newlines=\count303
\lst@lineno=\count304
\lst@maxwidth=\dimen177
 (C:\Users\denpo\AppData\Local\Programs\MiKTeX\tex/latex/listings\lstpatch.sty
File: lstpatch.sty 2025/11/14 1.11b (Carsten Heinz)
) (C:\Users\denpo\AppData\Local\Programs\MiKTeX\tex/latex/listings\lstmisc.sty
File: lstmisc.sty 2025/11/14 1.11b (Carsten Heinz)
\c@lstnumber=\count305
\lst@skipnumbers=\count306
\lst@framebox=\box60
) (C:\Users\denpo\AppData\Local\Programs\MiKTeX\tex/latex/listings\listings.cfg
File: listings.cfg 2025/11/14 1.11b listings configuration
))
Package: listings 2025/11/14 1.11b (Carsten Heinz)

==> First Aid for listings.sty no longer applied!
    Expected:
        2024/09/23 1.10c (Carsten Heinz)
    but found:
        2025/11/14 1.11b (Carsten Heinz)
    so I'm assuming it got fixed.
(C:\Users\denpo\AppData\Local\Programs\MiKTeX\tex/latex/amsmath\amsmath.sty
Package: amsmath 2025/07/09 v2.17z AMS math features
\@mathmargin=\skip102

For additional information on amsmath, use the `?' option.
(C:\Users\denpo\AppData\Local\Programs\MiKTeX\tex/latex/amsmath\amstext.sty
Package: amstext 2024/11/17 v2.01 AMS text
 (C:\Users\denpo\AppData\Local\Programs\MiKTeX\tex/latex/amsmath\amsgen.sty
File: amsgen.sty 1999/11/30 v2.0 generic functions
\@emptytoks=\toks29
\ex@=\dimen178
)) (C:\Users\denpo\AppData\Local\Programs\MiKTeX\tex/latex/amsmath\amsbsy.sty
Package: amsbsy 1999/11/29 v1.2d Bold Symbols
\pmbraise@=\dimen179
) (C:\Users\denpo\AppData\Local\Programs\MiKTeX\tex/latex/amsmath\amsopn.sty
Package: amsopn 2022/04/08 v2.04 operator names
)
\inf@bad=\count307
LaTeX Info: Redefining \frac on input line 233.
\uproot@=\count308
\leftroot@=\count309
LaTeX Info: Redefining \overline on input line 398.
LaTeX Info: Redefining \colon on input line 409.
\classnum@=\count310
\DOTSCASE@=\count311
LaTeX Info: Redefining \ldots on input line 495.
LaTeX Info: Redefining \dots on input line 498.
LaTeX Info: Redefining \cdots on input line 619.
\Mathstrutbox@=\box61
\strutbox@=\box62
LaTeX Info: Redefining \big on input line 721.
LaTeX Info: Redefining \Big on input line 722.
LaTeX Info: Redefining \bigg on input line 723.
LaTeX Info: Redefining \Bigg on input line 724.
\big@size=\dimen180
LaTeX Font Info:    Redeclaring font encoding OML on input line 742.
LaTeX Font Info:    Redeclaring font encoding OMS on input line 743.
\macc@depth=\count312
LaTeX Info: Redefining \bmod on input line 904.
LaTeX Info: Redefining \pmod on input line 909.
LaTeX Info: Redefining \smash on input line 939.
LaTeX Info: Redefining \relbar on input line 969.
LaTeX Info: Redefining \Relbar on input line 970.
\c@MaxMatrixCols=\count313
\dotsspace@=\muskip17
\c@parentequation=\count314
\dspbrk@lvl=\count315
\tag@help=\toks30
\row@=\count316
\column@=\count317
\maxfields@=\count318
\andhelp@=\toks31
\eqnshift@=\dimen181
\alignsep@=\dimen182
\tagshift@=\dimen183
\tagwidth@=\dimen184
\totwidth@=\dimen185
\lineht@=\dimen186
\@envbody=\toks32
\multlinegap=\skip103
\multlinetaggap=\skip104
\mathdisplay@stack=\toks33
LaTeX Info: Redefining \[ on input line 2950.
LaTeX Info: Redefining \] on input line 2951.
) (C:\Users\denpo\AppData\Local\Programs\MiKTeX\tex/latex/amsfonts\amssymb.sty
Package: amssymb 2013/01/14 v3.01 AMS font symbols
 (C:\Users\denpo\AppData\Local\Programs\MiKTeX\tex/latex/amsfonts\amsfonts.sty
Package: amsfonts 2013/01/14 v3.01 Basic AMSFonts support
\symAMSa=\mathgroup4
\symAMSb=\mathgroup5
LaTeX Font Info:    Redeclaring math symbol \hbar on input line 98.
LaTeX Font Info:    Overwriting math alphabet `\mathfrak' in version `bold'
(Font)                  U/euf/m/n --> U/euf/b/n on input line 106.
)) (C:\Users\denpo\AppData\Local\Programs\MiKTeX\tex/latex/float\float.sty
Package: float 2001/11/08 v1.3d Float enhancements (AL)
\c@float@type=\count319
\float@exts=\toks34
\float@box=\box63
\@float@everytoks=\toks35
\@floatcapt=\box64
) (C:\Users\denpo\AppData\Local\Programs\MiKTeX\tex/latex/caption\subcaption.sty
Package: subcaption 2023/07/28 v1.6b Sub-captions (AR)
 (C:\Users\denpo\AppData\Local\Programs\MiKTeX\tex/latex/caption\caption.sty
Package: caption 2023/08/05 v3.6o Customizing captions (AR)
 (C:\Users\denpo\AppData\Local\Programs\MiKTeX\tex/latex/caption\caption3.sty
Package: caption3 2023/07/31 v2.4d caption3 kernel (AR)
\caption@tempdima=\dimen187
\captionmargin=\dimen188
\caption@leftmargin=\dimen189
\caption@rightmargin=\dimen190
\caption@width=\dimen191
\caption@indent=\dimen192
\caption@parindent=\dimen193
\caption@hangindent=\dimen194
Package caption Info: Standard document class detected.
)
\c@caption@flags=\count320
\c@continuedfloat=\count321
Package caption Info: float package is loaded.
Package caption Info: listings package is loaded.
)
Package caption Info: New subtype `subfigure' on input line 238.
\c@subfigure=\count322
Package caption Info: New subtype `subtable' on input line 238.
\c@subtable=\count323
) (C:\Users\denpo\AppData\Local\Programs\MiKTeX\tex/latex/tools\array.sty
Package: array 2025/09/25 v2.6n Tabular extension package (FMi)
\col@sep=\dimen195
\ar@mcellbox=\box65
\extrarowheight=\dimen196
\NC@list=\toks36
\extratabsurround=\skip105
\backup@length=\skip106
\ar@cellbox=\box66
) (C:\Users\denpo\AppData\Local\Programs\MiKTeX\tex/latex/booktabs\booktabs.sty
Package: booktabs 2020/01/12 v1.61803398 Publication quality tables
\heavyrulewidth=\dimen197
\lightrulewidth=\dimen198
\cmidrulewidth=\dimen199
\belowrulesep=\dimen256
\belowbottomsep=\dimen257
\aboverulesep=\dimen258
\abovetopsep=\dimen259
\cmidrulesep=\dimen260
\cmidrulekern=\dimen261
\defaultaddspace=\dimen262
\@cmidla=\count324
\@cmidlb=\count325
\@aboverulesep=\dimen263
\@belowrulesep=\dimen264
\@thisruleclass=\count326
\@lastruleclass=\count327
\@thisrulewidth=\dimen265
) (C:\Users\denpo\AppData\Local\Programs\MiKTeX\tex/latex/multirow\multirow.sty
Package: multirow 2024/11/12 v2.9 Span multiple rows of a table
\multirow@colwidth=\skip107
\multirow@cntb=\count328
\multirow@dima=\skip108
\bigstrutjot=\dimen266
) (C:\Users\denpo\AppData\Local\Programs\MiKTeX\tex/latex/colortbl\colortbl.sty
Package: colortbl 2024/10/29 v1.0k Color table columns (DPC)
\everycr=\toks37
\minrowclearance=\skip109
\rownum=\count329
) (C:\Users\denpo\AppData\Local\Programs\MiKTeX\tex/latex/graphics\dvipsnam.def
File: dvipsnam.def 2016/06/17 v3.0m Driver-dependent file (DPC,SPQR)
) (C:\Users\denpo\AppData\Local\Programs\MiKTeX\tex/latex/hyperref\hyperref.sty
Package: hyperref 2025-07-12 v7.01o Hypertext links for LaTeX
 (C:\Users\denpo\AppData\Local\Programs\MiKTeX\tex/generic/kvdefinekeys\kvdefinekeys.sty
Package: kvdefinekeys 2019-12-19 v1.6 Define keys (HO)
) (C:\Users\denpo\AppData\Local\Programs\MiKTeX\tex/generic/pdfescape\pdfescape.sty
Package: pdfescape 2019/12/09 v1.15 Implements pdfTeX's escape features (HO)
 (C:\Users\denpo\AppData\Local\Programs\MiKTeX\tex/generic/pdftexcmds\pdftexcmds.sty
Package: pdftexcmds 2020-06-27 v0.33 Utility functions of pdfTeX for LuaTeX (HO)
 (C:\Users\denpo\AppData\Local\Programs\MiKTeX\tex/generic/infwarerr\infwarerr.sty
Package: infwarerr 2019/12/03 v1.5 Providing info/warning/error messages (HO)
)
Package pdftexcmds Info: \pdf@primitive is available.
Package pdftexcmds Info: \pdf@ifprimitive is available.
Package pdftexcmds Info: \pdfdraftmode found.
)) (C:\Users\denpo\AppData\Local\Programs\MiKTeX\tex/latex/hycolor\hycolor.sty
Package: hycolor 2020-01-27 v1.10 Color options for hyperref/bookmark (HO)
) (C:\Users\denpo\AppData\Local\Programs\MiKTeX\tex/latex/hyperref\nameref.sty
Package: nameref 2025-06-21 v2.57 Cross-referencing by name of section
 (C:\Users\denpo\AppData\Local\Programs\MiKTeX\tex/latex/refcount\refcount.sty
Package: refcount 2019/12/15 v3.6 Data extraction from label references (HO)
) (C:\Users\denpo\AppData\Local\Programs\MiKTeX\tex/generic/gettitlestring\gettitlestring.sty
Package: gettitlestring 2019/12/15 v1.6 Cleanup title references (HO)
)
\c@section@level=\count330
) (C:\Users\denpo\AppData\Local\Programs\MiKTeX\tex/generic/stringenc\stringenc.sty
Package: stringenc 2019/11/29 v1.12 Convert strings between diff. encodings (HO)
)
\@linkdim=\dimen267
\Hy@linkcounter=\count331
\Hy@pagecounter=\count332
 (C:\Users\denpo\AppData\Local\Programs\MiKTeX\tex/latex/hyperref\pd1enc.def
File: pd1enc.def 2025-07-12 v7.01o Hyperref: PDFDocEncoding definition (HO)
Now handling font encoding PD1 ...
... no UTF-8 mapping file for font encoding PD1
) (C:\Users\denpo\AppData\Local\Programs\MiKTeX\tex/generic/intcalc\intcalc.sty
Package: intcalc 2019/12/15 v1.3 Expandable calculations with integers (HO)
)
\Hy@SavedSpaceFactor=\count333
 (C:\Users\denpo\AppData\Local\Programs\MiKTeX\tex/latex/hyperref\puenc.def
File: puenc.def 2025-07-12 v7.01o Hyperref: PDF Unicode definition (HO)
Now handling font encoding PU ...
... no UTF-8 mapping file for font encoding PU
)
Package hyperref Info: Hyper figures OFF on input line 4195.
Package hyperref Info: Link nesting OFF on input line 4200.
Package hyperref Info: Hyper index ON on input line 4203.
Package hyperref Info: Plain pages OFF on input line 4210.
Package hyperref Info: Backreferencing OFF on input line 4215.
Package hyperref Info: Implicit mode ON; LaTeX internals redefined.
Package hyperref Info: Bookmarks ON on input line 4462.
\c@Hy@tempcnt=\count334
 (C:\Users\denpo\AppData\Local\Programs\MiKTeX\tex/latex/url\url.sty
\Urlmuskip=\muskip18
Package: url 2013/09/16  ver 3.4  Verb mode for urls, etc.
)
LaTeX Info: Redefining \url on input line 4801.
\XeTeXLinkMargin=\dimen268
 (C:\Users\denpo\AppData\Local\Programs\MiKTeX\tex/generic/bitset\bitset.sty
Package: bitset 2019/12/09 v1.3 Handle bit-vector datatype (HO)
 (C:\Users\denpo\AppData\Local\Programs\MiKTeX\tex/generic/bigintcalc\bigintcalc.sty
Package: bigintcalc 2019/12/15 v1.5 Expandable calculations on big integers (HO)
))
\Fld@menulength=\count335
\Field@Width=\dimen269
\Fld@charsize=\dimen270
Package hyperref Info: Hyper figures OFF on input line 6078.
Package hyperref Info: Link nesting OFF on input line 6083.
Package hyperref Info: Hyper index ON on input line 6086.
Package hyperref Info: backreferencing OFF on input line 6093.
Package hyperref Info: Link coloring OFF on input line 6098.
Package hyperref Info: Link coloring with OCG OFF on input line 6103.
Package hyperref Info: PDF/A mode OFF on input line 6108.
\Hy@abspage=\count336
\c@Item=\count337
\c@Hfootnote=\count338
)
Package hyperref Info: Driver (autodetected): hpdftex.
 (C:\Users\denpo\AppData\Local\Programs\MiKTeX\tex/latex/hyperref\hpdftex.def
File: hpdftex.def 2025-07-12 v7.01o Hyperref driver for pdfTeX
\Fld@listcount=\count339
\c@bookmark@seq@number=\count340
 (C:\Users\denpo\AppData\Local\Programs\MiKTeX\tex/latex/rerunfilecheck\rerunfilecheck.sty
Package: rerunfilecheck 2025-06-21 v1.11 Rerun checks for auxiliary files (HO)
 (C:\Users\denpo\AppData\Local\Programs\MiKTeX\tex/generic/uniquecounter\uniquecounter.sty
Package: uniquecounter 2019/12/15 v1.4 Provide unlimited unique counter (HO)
)
Package uniquecounter Info: New unique counter `rerunfilecheck' on input line 284.
)
\Hy@SectionHShift=\skip110
)
Package hyperref Info: Option `colorlinks' set `true' on input line 128.
) (C:\Users\denpo\AppData\Local\Programs\MiKTeX\tex/latex/type1cm\type1cm.sty
Package: type1cm 2002/09/05 v0.04 BlueSky/Y&Y Type1 CM font definitions (DPC, patched RF)
)
LaTeX Font Info:    Trying to load font information for T1+lmr on input line 9.
 (C:\Users\denpo\AppData\Local\Programs\MiKTeX\tex/latex/lm\t1lmr.fd
File: t1lmr.fd 2015/05/01 v1.6.1 Font defs for Latin Modern
) (C:\Users\denpo\AppData\Local\Programs\MiKTeX\tex/latex/l3backend\l3backend-pdftex.def
File: l3backend-pdftex.def 2025-10-09 L3 backend support: PDF output (pdfTeX)
\l__color_backend_stack_int=\count341
)
No file main.aux.
\openout1 = `main.aux'.

LaTeX Font Info:    Checking defaults for OML/cmm/m/it on input line 9.
LaTeX Font Info:    ... okay on input line 9.
LaTeX Font Info:    Checking defaults for OMS/cmsy/m/n on input line 9.
LaTeX Font Info:    ... okay on input line 9.
LaTeX Font Info:    Checking defaults for OT1/cmr/m/n on input line 9.
LaTeX Font Info:    ... okay on input line 9.
LaTeX Font Info:    Checking defaults for T1/cmr/m/n on input line 9.
LaTeX Font Info:    ... okay on input line 9.
LaTeX Font Info:    Checking defaults for TS1/cmr/m/n on input line 9.
LaTeX Font Info:    ... okay on input line 9.
LaTeX Font Info:    Checking defaults for OMX/cmex/m/n on input line 9.
LaTeX Font Info:    ... okay on input line 9.
LaTeX Font Info:    Checking defaults for U/cmr/m/n on input line 9.
LaTeX Font Info:    ... okay on input line 9.
LaTeX Font Info:    Checking defaults for PD1/pdf/m/n on input line 9.
LaTeX Font Info:    ... okay on input line 9.
LaTeX Font Info:    Checking defaults for PU/pdf/m/n on input line 9.
LaTeX Font Info:    ... okay on input line 9.
Package babel Info: 'portuguese' activates 'portuges' shorthands.
(babel)             Reported on input line 9.
*geometry* driver: auto-detecting
*geometry* detected driver: pdftex
*geometry* verbose mode - [ preamble ] result:
* driver: pdftex
* paper: a4paper
* layout: <same size as paper>
* layoutoffset:(h,v)=(0.0pt,0.0pt)
* modes: 
* h-part:(L,W,R)=(56.9055pt, 483.69687pt, 56.9055pt)
* v-part:(T,H,B)=(56.9055pt, 731.23584pt, 56.9055pt)
* \paperwidth=597.50787pt
* \paperheight=845.04684pt
* \textwidth=483.69687pt
* \textheight=731.23584pt
* \oddsidemargin=-15.36449pt
* \evensidemargin=-15.36449pt
* \topmargin=-52.36449pt
* \headheight=12.0pt
* \headsep=25.0pt
* \topskip=10.0pt
* \footskip=30.0pt
* \marginparwidth=57.0pt
* \marginparsep=11.0pt
* \columnsep=10.0pt
* \skip\footins=9.0pt plus 4.0pt minus 2.0pt
* \hoffset=0.0pt
* \voffset=0.0pt
* \mag=1000
* \@twocolumnfalse
* \@twosidefalse
* \@mparswitchfalse
* \@reversemarginfalse
* (1in=72.27pt=25.4mm, 1cm=28.453pt)

(C:\Users\denpo\AppData\Local\Programs\MiKTeX\tex/context/base/mkii\supp-pdf.mkii
[Loading MPS to PDF converter (version 2006.09.02).]
\scratchcounter=\count342
\scratchdimen=\dimen271
\scratchbox=\box67
\nofMPsegments=\count343
\nofMParguments=\count344
\everyMPshowfont=\toks38
\MPscratchCnt=\count345
\MPscratchDim=\dimen272
\MPnumerator=\count346
\makeMPintoPDFobject=\count347
\everyMPtoPDFconversion=\toks39
) (C:\Users\denpo\AppData\Local\Programs\MiKTeX\tex/latex/epstopdf-pkg\epstopdf-base.sty
Package: epstopdf-base 2020-01-24 v2.11 Base part for package epstopdf
Package epstopdf-base Info: Redefining graphics rule for `.eps' on input line 485.
 (C:\Users\denpo\AppData\Local\Programs\MiKTeX\tex/latex/00miktex\epstopdf-sys.cfg
File: epstopdf-sys.cfg 2021/03/18 v2.0 Configuration of epstopdf for MiKTeX
)) (C:\Users\denpo\AppData\Local\Programs\MiKTeX\tex/latex/pdflscape\pdflscape.sty
Package: pdflscape 2022-10-27 v0.13 Display of landscape pages in PDF
 (C:\Users\denpo\AppData\Local\Programs\MiKTeX\tex/latex/pdflscape\pdflscape-nometadata.sty
Package: pdflscape-nometadata 2022-10-28 v0.13 Display of landscape pages in PDF (HO)
 (C:\Users\denpo\AppData\Local\Programs\MiKTeX\tex/latex/graphics\lscape.sty
Package: lscape 2020/05/28 v3.02 Landscape Pages (DPC)
)
Package pdflscape Info: Auto-detected driver: pdftex on input line 81.
))
\c@lstlisting=\count348
Package caption Info: Begin \AtBeginDocument code.
Package caption Info: hyperref package is loaded.
Package caption Info: End \AtBeginDocument code.
Package hyperref Info: Link coloring ON on input line 9.
\@outlinefile=\write3
\openout3 = `main.out'.

 (capa.tex
<IMAGENS/logo_fct.png, id=3, 288.07625pt x 68.255pt>
File: IMAGENS/logo_fct.png Graphic file (type png)
<use IMAGENS/logo_fct.png>
Package pdftex.def Info: IMAGENS/logo_fct.png  used on input line 12.
(pdftex.def)             Requested size: 241.84843pt x 57.30463pt.
LaTeX Font Info:    Trying to load font information for TS1+lmr on input line 24.
 (C:\Users\denpo\AppData\Local\Programs\MiKTeX\tex/latex/lm\ts1lmr.fd
File: ts1lmr.fd 2015/05/01 v1.6.1 Font defs for Latin Modern
)
LaTeX Font Info:    Trying to load font information for OT1+lmr on input line 50.
 (C:\Users\denpo\AppData\Local\Programs\MiKTeX\tex/latex/lm\ot1lmr.fd
File: ot1lmr.fd 2015/05/01 v1.6.1 Font defs for Latin Modern
)
LaTeX Font Info:    Trying to load font information for OML+lmm on input line 50.
 (C:\Users\denpo\AppData\Local\Programs\MiKTeX\tex/latex/lm\omllmm.fd
File: omllmm.fd 2015/05/01 v1.6.1 Font defs for Latin Modern
)
LaTeX Font Info:    Trying to load font information for OMS+lmsy on input line 50.
 (C:\Users\denpo\AppData\Local\Programs\MiKTeX\tex/latex/lm\omslmsy.fd
File: omslmsy.fd 2015/05/01 v1.6.1 Font defs for Latin Modern
)
LaTeX Font Info:    Trying to load font information for OMX+lmex on input line 50.
 (C:\Users\denpo\AppData\Local\Programs\MiKTeX\tex/latex/lm\omxlmex.fd
File: omxlmex.fd 2015/05/01 v1.6.1 Font defs for Latin Modern
)
LaTeX Font Info:    External font `lmex10' loaded for size
(Font)              <12> on input line 50.
LaTeX Font Info:    External font `lmex10' loaded for size
(Font)              <8> on input line 50.
LaTeX Font Info:    External font `lmex10' loaded for size
(Font)              <6> on input line 50.
 [1

{C:/Users/denpo/AppData/Local/MiKTeX/fonts/map/pdftex/pdftex.map}{C:/Users/denpo/AppData/Local/Programs/MiKTeX/fonts/enc/dvips/lm/lm-ec.enc}{C:/Users/denpo/AppData/Local/Programs/MiKTeX/fonts/enc/dvips/lm/lm-ts1.enc} <./IMAGENS/logo_fct.png>])
No file main.toc.
\tf@toc=\write4
\openout4 = `main.toc'.

File: IMAGENS/logo_fct.png Graphic file (type png)
<use IMAGENS/logo_fct.png>
Package pdftex.def Info: IMAGENS/logo_fct.png  used on input line 21.
(pdftex.def)             Requested size: 120.08568pt x 28.45274pt.

Package fancyhdr Warning: \headheight is too small (12.0pt): 
(fancyhdr)                Make it at least 32.05278pt, for example:
(fancyhdr)                \setlength{\headheight}{32.05278pt}.
(fancyhdr)                You might also make \topmargin smaller:
(fancyhdr)                \addtolength{\topmargin}{-20.05278pt}.


pdfTeX warning (ext4): destination with the same identifier (name{page.1}) has been already used, duplicate ignored
<to be read again> 
                   \relax 
l.21 \newpage
              [1] (introducao.tex
LaTeX Font Info:    External font `lmex10' loaded for size
(Font)              <10> on input line 16.
LaTeX Font Info:    External font `lmex10' loaded for size
(Font)              <7> on input line 16.
LaTeX Font Info:    External font `lmex10' loaded for size
(Font)              <5> on input line 16.


LaTeX Warning: Citation `manxin_etal' on page 2 undefined on input line 20.

)
File: IMAGENS/logo_fct.png Graphic file (type png)
<use IMAGENS/logo_fct.png>
Package pdftex.def Info: IMAGENS/logo_fct.png  used on input line 24.
(pdftex.def)             Requested size: 120.08568pt x 28.45274pt.


Package fancyhdr Warning: \headheight is too small (12.0pt): 
(fancyhdr)                Make it at least 32.05278pt, for example:
(fancyhdr)                \setlength{\headheight}{32.05278pt}.
(fancyhdr)                You might also make \topmargin smaller:
(fancyhdr)                \addtolength{\topmargin}{-20.05278pt}.

[2{C:/Users/denpo/AppData/Local/Programs/MiKTeX/fonts/enc/dvips/lm/lm-rm.enc}{C:/Users/denpo/AppData/Local/Programs/MiKTeX/fonts/enc/dvips/lm/lm-mathit.enc}] (desenvolvimento.tex

LaTeX Warning: Citation `manxin_etal' on page 3 undefined on input line 7.

<IMAGENS/sarADC_schematic.png, id=29, 800.9925pt x 365.56575pt>
File: IMAGENS/sarADC_schematic.png Graphic file (type png)
<use IMAGENS/sarADC_schematic.png>
Package pdftex.def Info: IMAGENS/sarADC_schematic.png  used on input line 19.
(pdftex.def)             Requested size: 386.95897pt x 176.60748pt.

LaTeX Warning: Reference `fig:sarADC_schematic' on page 3 undefined on input line 24.

<IMAGENS/MSB_analysis.png, id=31, 524.71031pt x 291.33844pt>
File: IMAGENS/MSB_analysis.png Graphic file (type png)
<use IMAGENS/MSB_analysis.png>
Package pdftex.def Info: IMAGENS/MSB_analysis.png  used on input line 45.
(pdftex.def)             Requested size: 386.95897pt x 214.86246pt.
File: IMAGENS/logo_fct.png Graphic file (type png)
<use IMAGENS/logo_fct.png>
Package pdftex.def Info: IMAGENS/logo_fct.png  used on input line 49.
(pdftex.def)             Requested size: 120.08568pt x 28.45274pt.

Package fancyhdr Warning: \headheight is too small (12.0pt): 
(fancyhdr)                Make it at least 32.05278pt, for example:
(fancyhdr)                \setlength{\headheight}{32.05278pt}.
(fancyhdr)                You might also make \topmargin smaller:
(fancyhdr)                \addtolength{\topmargin}{-20.05278pt}.

[3{C:/Users/denpo/AppData/Local/Programs/MiKTeX/fonts/enc/dvips/lm/lm-mathsy.enc} <./IMAGENS/sarADC_schematic.png>]

LaTeX Warning: Reference `eq:cargaMSB_phase1' on page 4 undefined on input line 79.


LaTeX Warning: Reference `eq:cargaMSB_phase2' on page 4 undefined on input line 79.

File: IMAGENS/logo_fct.png Graphic file (type png)
<use IMAGENS/logo_fct.png>
Package pdftex.def Info: IMAGENS/logo_fct.png  used on input line 97.
(pdftex.def)             Requested size: 120.08568pt x 28.45274pt.

Package fancyhdr Warning: \headheight is too small (12.0pt): 
(fancyhdr)                Make it at least 32.05278pt, for example:
(fancyhdr)                \setlength{\headheight}{32.05278pt}.
(fancyhdr)                You might also make \topmargin smaller:
(fancyhdr)                \addtolength{\topmargin}{-20.05278pt}.

[4{C:/Users/denpo/AppData/Local/Programs/MiKTeX/fonts/enc/dvips/lm/lm-mathex.enc} <./IMAGENS/MSB_analysis.png>]
<IMAGENS/LSB_analysis.png, id=53, 459.96844pt x 235.63031pt>
File: IMAGENS/LSB_analysis.png Graphic file (type png)
<use IMAGENS/LSB_analysis.png>
Package pdftex.def Info: IMAGENS/LSB_analysis.png  used on input line 104.
(pdftex.def)             Requested size: 386.95897pt x 198.2409pt.


LaTeX Warning: Reference `fig:lsb_analysis' on page 5 undefined on input line 109.


LaTeX Warning: Reference `eq:cargaLSB_phase1' on page 5 undefined on input line 133.


LaTeX Warning: Reference `eq:cargaLSB_phase2' on page 5 undefined on input line 133.


LaTeX Warning: Reference `eq:conservacao_cargaLSB2' on page 5 undefined on input line 153.


LaTeX Warning: Reference `eq:conservacao_cargaMSB2' on page 5 undefined on input line 153.


LaTeX Warning: Reference `eq:conservacao_cargaMSB2' on page 5 undefined on input line 154.

File: IMAGENS/logo_fct.png Graphic file (type png)
<use IMAGENS/logo_fct.png>
Package pdftex.def Info: IMAGENS/logo_fct.png  used on input line 156.
(pdftex.def)             Requested size: 120.08568pt x 28.45274pt.

Package fancyhdr Warning: \headheight is too small (12.0pt): 
(fancyhdr)                Make it at least 32.05278pt, for example:
(fancyhdr)                \setlength{\headheight}{32.05278pt}.
(fancyhdr)                You might also make \topmargin smaller:
(fancyhdr)                \addtolength{\topmargin}{-20.05278pt}.

[5 <./IMAGENS/LSB_analysis.png>]
File: IMAGENS/logo_fct.png Graphic file (type png)
<use IMAGENS/logo_fct.png>
Package pdftex.def Info: IMAGENS/logo_fct.png  used on input line 210.
(pdftex.def)             Requested size: 120.08568pt x 28.45274pt.


Package fancyhdr Warning: \headheight is too small (12.0pt): 
(fancyhdr)                Make it at least 32.05278pt, for example:
(fancyhdr)                \setlength{\headheight}{32.05278pt}.
(fancyhdr)                You might also make \topmargin smaller:
(fancyhdr)                \addtolength{\topmargin}{-20.05278pt}.

[6]
<IMAGENS/calcularCondensadores.png, id=73, 433.62pt x 395.67825pt>
File: IMAGENS/calcularCondensadores.png Graphic file (type png)
<use IMAGENS/calcularCondensadores.png>
Package pdftex.def Info: IMAGENS/calcularCondensadores.png  used on input line 228.
(pdftex.def)             Requested size: 386.95897pt x 353.11853pt.


LaTeX Warning: Reference `fig:capacitorsCalc' on page 7 undefined on input line 233.

File: IMAGENS/logo_fct.png Graphic file (type png)
<use IMAGENS/logo_fct.png>
Package pdftex.def Info: IMAGENS/logo_fct.png  used on input line 246.
(pdftex.def)             Requested size: 120.08568pt x 28.45274pt.

Package fancyhdr Warning: \headheight is too small (12.0pt): 
(fancyhdr)                Make it at least 32.05278pt, for example:
(fancyhdr)                \setlength{\headheight}{32.05278pt}.
(fancyhdr)                You might also make \topmargin smaller:
(fancyhdr)                \addtolength{\topmargin}{-20.05278pt}.

[7 <./IMAGENS/calcularCondensadores.png>]

LaTeX Warning: Reference `eq:node_expression' on page 8 undefined on input line 250.

LaTeX Font Info:    Trying to load font information for T1+lmtt on input line 253.
(C:\Users\denpo\AppData\Local\Programs\MiKTeX\tex/latex/lm\t1lmtt.fd
File: t1lmtt.fd 2015/05/01 v1.6.1 Font defs for Latin Modern
)

LaTeX Warning: Reference `eq:node_expression' on page 8 undefined on input line 259.


LaTeX Warning: Reference `eq:node_expression' on page 8 undefined on input line 261.


LaTeX Warning: Reference `subsection:behavorial_modeling' on page 8 undefined on input line 288.

<IMAGENS/transferFunctionADC_com_real.jpg, id=83, 1606.0pt x 815.045pt>
File: IMAGENS/transferFunctionADC_com_real.jpg Graphic file (type jpg)
<use IMAGENS/transferFunctionADC_com_real.jpg>
Package pdftex.def Info: IMAGENS/transferFunctionADC_com_real.jpg  used on input line 292.
(pdftex.def)             Requested size: 386.95897pt x 196.37341pt.
File: IMAGENS/logo_fct.png Graphic file (type png)
<use IMAGENS/logo_fct.png>
Package pdftex.def Info: IMAGENS/logo_fct.png  used on input line 296.
(pdftex.def)             Requested size: 120.08568pt x 28.45274pt.

Package fancyhdr Warning: \headheight is too small (12.0pt): 
(fancyhdr)                Make it at least 32.05278pt, for example:
(fancyhdr)                \setlength{\headheight}{32.05278pt}.
(fancyhdr)                You might also make \topmargin smaller:
(fancyhdr)                \addtolength{\topmargin}{-20.05278pt}.

[8]
<IMAGENS/INL_DNL_0.jpg, id=90, 1606.0pt x 815.045pt>
File: IMAGENS/INL_DNL_0.jpg Graphic file (type jpg)
<use IMAGENS/INL_DNL_0.jpg>
Package pdftex.def Info: IMAGENS/INL_DNL_0.jpg  used on input line 300.
(pdftex.def)             Requested size: 241.84843pt x 122.7365pt.
<IMAGENS/weird_INL_DNL.jpg, id=91, 1606.0pt x 815.045pt>
File: IMAGENS/weird_INL_DNL.jpg Graphic file (type jpg)
<use IMAGENS/weird_INL_DNL.jpg>
Package pdftex.def Info: IMAGENS/weird_INL_DNL.jpg  used on input line 306.
(pdftex.def)             Requested size: 241.84843pt x 122.7365pt.
<IMAGENS/vxp_vs_vxn.jpg, id=92, 1606.0pt x 815.045pt>
File: IMAGENS/vxp_vs_vxn.jpg Graphic file (type jpg)
<use IMAGENS/vxp_vs_vxn.jpg>
Package pdftex.def Info: IMAGENS/vxp_vs_vxn.jpg  used on input line 327.
(pdftex.def)             Requested size: 386.95897pt x 196.37341pt.
File: IMAGENS/logo_fct.png Graphic file (type png)
<use IMAGENS/logo_fct.png>
Package pdftex.def Info: IMAGENS/logo_fct.png  used on input line 331.
(pdftex.def)             Requested size: 120.08568pt x 28.45274pt.


Package fancyhdr Warning: \headheight is too small (12.0pt): 
(fancyhdr)                Make it at least 32.05278pt, for example:
(fancyhdr)                \setlength{\headheight}{32.05278pt}.
(fancyhdr)                You might also make \topmargin smaller:
(fancyhdr)                \addtolength{\topmargin}{-20.05278pt}.

[9 <./IMAGENS/transferFunctionADC_com_real.jpg> <./IMAGENS/INL_DNL_0.jpg> <./IMAGENS/weird_INL_DNL.jpg>]

LaTeX Warning: Reference `fig:sndr_vs_mismatch' on page 10 undefined on input line 346.

<IMAGENS/sndr_vs_mismatch.jpg, id=100, 1606.0pt x 815.045pt>
File: IMAGENS/sndr_vs_mismatch.jpg Graphic file (type jpg)
<use IMAGENS/sndr_vs_mismatch.jpg>
Package pdftex.def Info: IMAGENS/sndr_vs_mismatch.jpg  used on input line 350.
(pdftex.def)             Requested size: 386.95897pt x 196.37341pt.
File: IMAGENS/logo_fct.png Graphic file (type png)
<use IMAGENS/logo_fct.png>
Package pdftex.def Info: IMAGENS/logo_fct.png  used on input line 362.
(pdftex.def)             Requested size: 120.08568pt x 28.45274pt.

Package fancyhdr Warning: \headheight is too small (12.0pt): 
(fancyhdr)                Make it at least 32.05278pt, for example:
(fancyhdr)                \setlength{\headheight}{32.05278pt}.
(fancyhdr)                You might also make \topmargin smaller:
(fancyhdr)                \addtolength{\topmargin}{-20.05278pt}.

[10 <./IMAGENS/vxp_vs_vxn.jpg> <./IMAGENS/sndr_vs_mismatch.jpg>]
<IMAGENS/enob_capacitor_mismatch.png, id=108, 722.7pt x 433.62pt>
File: IMAGENS/enob_capacitor_mismatch.png Graphic file (type png)
<use IMAGENS/enob_capacitor_mismatch.png>
Package pdftex.def Info: IMAGENS/enob_capacitor_mismatch.png  used on input line 365.
(pdftex.def)             Requested size: 386.95897pt x 232.17297pt.


LaTeX Warning: Reference `fig:enob_vs_mismatch' on page 11 undefined on input line 370.

)
File: IMAGENS/logo_fct.png Graphic file (type png)
<use IMAGENS/logo_fct.png>
Package pdftex.def Info: IMAGENS/logo_fct.png  used on input line 27.
(pdftex.def)             Requested size: 120.08568pt x 28.45274pt.


Package fancyhdr Warning: \headheight is too small (12.0pt): 
(fancyhdr)                Make it at least 32.05278pt, for example:
(fancyhdr)                \setlength{\headheight}{32.05278pt}.
(fancyhdr)                You might also make \topmargin smaller:
(fancyhdr)                \addtolength{\topmargin}{-20.05278pt}.

[11 <./IMAGENS/enob_capacitor_mismatch.png>] (conclusao.tex

LaTeX Warning: Citation `manxin_etal' on page 12 undefined on input line 8.


LaTeX Warning: Citation `manxin_etal' on page 12 undefined on input line 12.

)
File: IMAGENS/logo_fct.png Graphic file (type png)
<use IMAGENS/logo_fct.png>
Package pdftex.def Info: IMAGENS/logo_fct.png  used on input line 30.
(pdftex.def)             Requested size: 120.08568pt x 28.45274pt.


Package fancyhdr Warning: \headheight is too small (12.0pt): 
(fancyhdr)                Make it at least 32.05278pt, for example:
(fancyhdr)                \setlength{\headheight}{32.05278pt}.
(fancyhdr)                You might also make \topmargin smaller:
(fancyhdr)                \addtolength{\topmargin}{-20.05278pt}.

[12] (referencias.tex) (main.bbl)
File: IMAGENS/logo_fct.png Graphic file (type png)
<use IMAGENS/logo_fct.png>
Package pdftex.def Info: IMAGENS/logo_fct.png  used on input line 36.
(pdftex.def)             Requested size: 120.08568pt x 28.45274pt.


Package fancyhdr Warning: \headheight is too small (12.0pt): 
(fancyhdr)                Make it at least 32.05278pt, for example:
(fancyhdr)                \setlength{\headheight}{32.05278pt}.
(fancyhdr)                You might also make \topmargin smaller:
(fancyhdr)                \addtolength{\topmargin}{-20.05278pt}.

[13] (anexos.tex (C:\Users\denpo\AppData\Local\Programs\MiKTeX\tex/latex/listings\lstlang1.sty
File: lstlang1.sty 2025/11/14 1.11b listings language file
)
Package hyperref Info: bookmark level for unknown lstlisting defaults to 0 on input line 8.
 (lab1_V2.py
Overfull \hbox (260.3107pt too wide) in paragraph at lines 23--24
[][][][][][] 
 []

File: IMAGENS/logo_fct.png Graphic file (type png)
<use IMAGENS/logo_fct.png>
Package pdftex.def Info: IMAGENS/logo_fct.png  used on input line 59.
(pdftex.def)             Requested size: 120.08568pt x 28.45274pt.

Package fancyhdr Warning: \headheight is too small (12.0pt): 
(fancyhdr)                Make it at least 32.05278pt, for example:
(fancyhdr)                \setlength{\headheight}{32.05278pt}.
(fancyhdr)                You might also make \topmargin smaller:
(fancyhdr)                \addtolength{\topmargin}{-20.05278pt}.

[14]
Overfull \hbox (194.31003pt too wide) in paragraph at lines 59--60
[][][][][][][][][][][][][][][][][][][][][][][][][][][][][][][][][][][][][][][][][][][][][] 
 []

File: IMAGENS/logo_fct.png Graphic file (type png)
<use IMAGENS/logo_fct.png>
Package pdftex.def Info: IMAGENS/logo_fct.png  used on input line 120.
(pdftex.def)             Requested size: 120.08568pt x 28.45274pt.

Package fancyhdr Warning: \headheight is too small (12.0pt): 
(fancyhdr)                Make it at least 32.05278pt, for example:
(fancyhdr)                \setlength{\headheight}{32.05278pt}.
(fancyhdr)                You might also make \topmargin smaller:
(fancyhdr)                \addtolength{\topmargin}{-20.05278pt}.

[15]
File: IMAGENS/logo_fct.png Graphic file (type png)
<use IMAGENS/logo_fct.png>
Package pdftex.def Info: IMAGENS/logo_fct.png  used on input line 181.
(pdftex.def)             Requested size: 120.08568pt x 28.45274pt.


Package fancyhdr Warning: \headheight is too small (12.0pt): 
(fancyhdr)                Make it at least 32.05278pt, for example:
(fancyhdr)                \setlength{\headheight}{32.05278pt}.
(fancyhdr)                You might also make \topmargin smaller:
(fancyhdr)                \addtolength{\topmargin}{-20.05278pt}.

[16]

lab1_V2.py:236: LaTeX Error: Invalid UTF-8 byte sequence (�\expandafter).

See the LaTeX manual or LaTeX Companion for explanation.
Type  H <return>  for immediate help.
 ...                                              
                                                  
l.236 ...te Carlo, senao aparecem muitos gráficos
                                                  
The document does not appear to be in UTF-8 encoding.
Try adding \UseRawInputEncoding as the first line of the file
or specify an encoding such as \usepackage [latin1]{inputenc}
in the document preamble.
Alternatively, save the file in UTF-8 using your editor or another tool


lab1_V2.py:236: LaTeX Error: Invalid UTF-8 byte "A1.

See the LaTeX manual or LaTeX Companion for explanation.
Type  H <return>  for immediate help.
 ...                                              
                                                  
l.236 ...te Carlo, senao aparecem muitos gráficos
                                                  
The document does not appear to be in UTF-8 encoding.
Try adding \UseRawInputEncoding as the first line of the file
or specify an encoding such as \usepackage [latin1]{inputenc}
in the document preamble.
Alternatively, save the file in UTF-8 using your editor or another tool

File: IMAGENS/logo_fct.png Graphic file (type png)
<use IMAGENS/logo_fct.png>
Package pdftex.def Info: IMAGENS/logo_fct.png  used on input line 242.
(pdftex.def)             Requested size: 120.08568pt x 28.45274pt.

Package fancyhdr Warning: \headheight is too small (12.0pt): 
(fancyhdr)                Make it at least 32.05278pt, for example:
(fancyhdr)                \setlength{\headheight}{32.05278pt}.
(fancyhdr)                You might also make \topmargin smaller:
(fancyhdr)                \addtolength{\topmargin}{-20.05278pt}.

[17]
Overfull \hbox (14.3082pt too wide) in paragraph at lines 253--254
[][][][][][][][][][][][][][][][][][][][][][][][] 
 []


Overfull \hbox (260.3107pt too wide) in paragraph at lines 262--263
[][][][][][] 
 []


Overfull \hbox (158.30966pt too wide) in paragraph at lines 277--279
[][][][][][][][][][][][][][][][][][][][][][][][][][][][][][][][][][][][][][][][][] 
 []


Overfull \hbox (344.31155pt too wide) in paragraph at lines 285--286
[][][][][][][][][][][][][][][][][][][][][][][][][][][][][][][][][][][][][][][][][][][][][][][][][][][][][][] 
 []


Overfull \hbox (260.3107pt too wide) in paragraph at lines 297--298
[][][][][][] 
 []


Overfull \hbox (56.30862pt too wide) in paragraph at lines 298--299
[][][][][][][][][][][][][][][][][][][][][][][][][][][][][][][][][][] 
 []

File: IMAGENS/logo_fct.png Graphic file (type png)
<use IMAGENS/logo_fct.png>
Package pdftex.def Info: IMAGENS/logo_fct.png  used on input line 303.
(pdftex.def)             Requested size: 120.08568pt x 28.45274pt.

Package fancyhdr Warning: \headheight is too small (12.0pt): 
(fancyhdr)                Make it at least 32.05278pt, for example:
(fancyhdr)                \setlength{\headheight}{32.05278pt}.
(fancyhdr)                You might also make \topmargin smaller:
(fancyhdr)                \addtolength{\topmargin}{-20.05278pt}.

[18]
Overfull \hbox (206.31015pt too wide) in paragraph at lines 305--307
[][][][][][][][][][][][][][][][][][][][][][][][][][][][][][][][][][][][][][][][][] 
 []


Overfull \hbox (386.31198pt too wide) in paragraph at lines 313--314
[][][][][][][][][][][][][][][][][][][][][][][][][][][][][][][][][][][][][][][][][][][][][][][][][][][][][][] 
 []


Overfull \hbox (62.30869pt too wide) in paragraph at lines 318--319
[][][][][][][][][][][][][][][][][][][][][][][][][][][][][][][][][][][][][][][][][] 
 []


Overfull \hbox (260.3107pt too wide) in paragraph at lines 328--329
[][][][][][] 
 []


Overfull \hbox (296.31107pt too wide) in paragraph at lines 336--338
[][][][][][][][][][][][][][][][][][][][][][][][][][][][][][][][][][][][][][][][][][][][][][][][][][][][][] 
 []


Overfull \hbox (260.3107pt too wide) in paragraph at lines 354--355
[][][][][][] 
 []


Overfull \hbox (260.3107pt too wide) in paragraph at lines 361--362
[][][][][][] 
 []

File: IMAGENS/logo_fct.png Graphic file (type png)
<use IMAGENS/logo_fct.png>
Package pdftex.def Info: IMAGENS/logo_fct.png  used on input line 364.
(pdftex.def)             Requested size: 120.08568pt x 28.45274pt.

Package fancyhdr Warning: \headheight is too small (12.0pt): 
(fancyhdr)                Make it at least 32.05278pt, for example:
(fancyhdr)                \setlength{\headheight}{32.05278pt}.
(fancyhdr)                You might also make \topmargin smaller:
(fancyhdr)                \addtolength{\topmargin}{-20.05278pt}.

[19]
Overfull \hbox (158.30966pt too wide) in paragraph at lines 371--373
[][][][][][][][][][][][][][][][][][][][][][][][][][][][][][][][][][][][][][][][][] 
 []


Overfull \hbox (344.31155pt too wide) in paragraph at lines 378--379
[][][][][][][][][][][][][][][][][][][][][][][][][][][][][][][][][][][][][][][][][][][][][][][][][][][][][][] 
 []


Overfull \hbox (260.3107pt too wide) in paragraph at lines 384--385
[][][][][][] 
 []


Overfull \hbox (128.30936pt too wide) in paragraph at lines 394--396
[][][][][][][][][][][][][][][][][][][][][][][][][][][][][][][][][][][][][][][][][][] 
 []


Overfull \hbox (260.3107pt too wide) in paragraph at lines 400--401
[][][][][][][][][][][][][][][][][][][][][][][][][][][][][][][][][][][][][][][][][][][][][][][][][][][][][][] 
 []


Overfull \hbox (14.3082pt too wide) in paragraph at lines 421--422
[][][][][][][][][][][][][][][][][][][][][][][][][][][][][][][][][][][] 
 []


Overfull \hbox (14.3082pt too wide) in paragraph at lines 422--423
[][][][][][][][][][][][][][][][][][][][][][][][][][][][][][][][][][][] 
 []

File: IMAGENS/logo_fct.png Graphic file (type png)
<use IMAGENS/logo_fct.png>
Package pdftex.def Info: IMAGENS/logo_fct.png  used on input line 425.
(pdftex.def)             Requested size: 120.08568pt x 28.45274pt.

Package fancyhdr Warning: \headheight is too small (12.0pt): 
(fancyhdr)                Make it at least 32.05278pt, for example:
(fancyhdr)                \setlength{\headheight}{32.05278pt}.
(fancyhdr)                You might also make \topmargin smaller:
(fancyhdr)                \addtolength{\topmargin}{-20.05278pt}.

[20]

lab1_V2.py:432: LaTeX Error: Invalid UTF-8 byte sequence (�\lst@FillFixed@\lst@EC�).

See the LaTeX manual or LaTeX Companion for explanation.
Type  H <return>  for immediate help.
 ...                                              
                                                  
l.432 # ── 
               Parametros-alvo ───────────────...
The document does not appear to be in UTF-8 encoding.
Try adding \UseRawInputEncoding as the first line of the file
or specify an encoding such as \usepackage [latin1]{inputenc}
in the document preamble.
Alternatively, save the file in UTF-8 using your editor or another tool


lab1_V2.py:432: LaTeX Error: Invalid UTF-8 byte "80.

See the LaTeX manual or LaTeX Companion for explanation.
Type  H <return>  for immediate help.
 ...                                              
                                                  
l.432 # ── 
               Parametros-alvo ───────────────...
The document does not appear to be in UTF-8 encoding.
Try adding \UseRawInputEncoding as the first line of the file
or specify an encoding such as \usepackage [latin1]{inputenc}
in the document preamble.
Alternatively, save the file in UTF-8 using your editor or another tool


lab1_V2.py:432: LaTeX Error: Invalid UTF-8 byte sequence (�\lst@EC�\lst@EC�).

See the LaTeX manual or LaTeX Companion for explanation.
Type  H <return>  for immediate help.
 ...                                              
                                                  
l.432 # ── 
               Parametros-alvo ───────────────...
The document does not appear to be in UTF-8 encoding.
Try adding \UseRawInputEncoding as the first line of the file
or specify an encoding such as \usepackage [latin1]{inputenc}
in the document preamble.
Alternatively, save the file in UTF-8 using your editor or another tool


lab1_V2.py:432: LaTeX Error: Invalid UTF-8 byte sequence (�\lst@FillFixed@\lst@EC�).

See the LaTeX manual or LaTeX Companion for explanation.
Type  H <return>  for immediate help.
 ...                                              
                                                  
l.432 ...��─────────────
                                                  
The document does not appear to be in UTF-8 encoding.
Try adding \UseRawInputEncoding as the first line of the file
or specify an encoding such as \usepackage [latin1]{inputenc}
in the document preamble.
Alternatively, save the file in UTF-8 using your editor or another tool


lab1_V2.py:432: LaTeX Error: Invalid UTF-8 byte "80.

See the LaTeX manual or LaTeX Companion for explanation.
Type  H <return>  for immediate help.
 ...                                              
                                                  
l.432 ...��─────────────
                                                  
The document does not appear to be in UTF-8 encoding.
Try adding \UseRawInputEncoding as the first line of the file
or specify an encoding such as \usepackage [latin1]{inputenc}
in the document preamble.
Alternatively, save the file in UTF-8 using your editor or another tool


lab1_V2.py:432: LaTeX Error: Invalid UTF-8 byte sequence (�\lst@EC�\lst@EC�).

See the LaTeX manual or LaTeX Companion for explanation.
Type  H <return>  for immediate help.
 ...                                              
                                                  
l.432 ...��─────────────
                                                  
The document does not appear to be in UTF-8 encoding.
Try adding \UseRawInputEncoding as the first line of the file
or specify an encoding such as \usepackage [latin1]{inputenc}
in the document preamble.
Alternatively, save the file in UTF-8 using your editor or another tool


lab1_V2.py:432: LaTeX Error: Invalid UTF-8 byte sequence (�\lst@EC�\lst@EC�).

See the LaTeX manual or LaTeX Companion for explanation.
Type  H <return>  for immediate help.
 ...                                              
                                                  
l.432 ...��─────────────
                                                  
The document does not appear to be in UTF-8 encoding.
Try adding \UseRawInputEncoding as the first line of the file
or specify an encoding such as \usepackage [latin1]{inputenc}
in the document preamble.
Alternatively, save the file in UTF-8 using your editor or another tool


lab1_V2.py:432: LaTeX Error: Invalid UTF-8 byte sequence (�\lst@EC�\lst@EC�).

See the LaTeX manual or LaTeX Companion for explanation.
Type  H <return>  for immediate help.
 ...                                              
                                                  
l.432 ...��─────────────
                                                  
The document does not appear to be in UTF-8 encoding.
Try adding \UseRawInputEncoding as the first line of the file
or specify an encoding such as \usepackage [latin1]{inputenc}
in the document preamble.
Alternatively, save the file in UTF-8 using your editor or another tool


lab1_V2.py:432: LaTeX Error: Invalid UTF-8 byte sequence (�\lst@EC�\lst@EC�).

See the LaTeX manual or LaTeX Companion for explanation.
Type  H <return>  for immediate help.
 ...                                              
                                                  
l.432 ...��─────────────
                                                  
The document does not appear to be in UTF-8 encoding.
Try adding \UseRawInputEncoding as the first line of the file
or specify an encoding such as \usepackage [latin1]{inputenc}
in the document preamble.
Alternatively, save the file in UTF-8 using your editor or another tool


lab1_V2.py:432: LaTeX Error: Invalid UTF-8 byte sequence (�\lst@EC�\lst@EC�).

See the LaTeX manual or LaTeX Companion for explanation.
Type  H <return>  for immediate help.
 ...                                              
                                                  
l.432 ...��─────────────
                                                  
The document does not appear to be in UTF-8 encoding.
Try adding \UseRawInputEncoding as the first line of the file
or specify an encoding such as \usepackage [latin1]{inputenc}
in the document preamble.
Alternatively, save the file in UTF-8 using your editor or another tool


lab1_V2.py:432: LaTeX Error: Invalid UTF-8 byte sequence (�\lst@EC�\lst@EC�).

See the LaTeX manual or LaTeX Companion for explanation.
Type  H <return>  for immediate help.
 ...                                              
                                                  
l.432 ...��─────────────
                                                  
The document does not appear to be in UTF-8 encoding.
Try adding \UseRawInputEncoding as the first line of the file
or specify an encoding such as \usepackage [latin1]{inputenc}
in the document preamble.
Alternatively, save the file in UTF-8 using your editor or another tool


lab1_V2.py:432: LaTeX Error: Invalid UTF-8 byte sequence (�\lst@EC�\lst@EC�).

See the LaTeX manual or LaTeX Companion for explanation.
Type  H <return>  for immediate help.
 ...                                              
                                                  
l.432 ...��─────────────
                                                  
The document does not appear to be in UTF-8 encoding.
Try adding \UseRawInputEncoding as the first line of the file
or specify an encoding such as \usepackage [latin1]{inputenc}
in the document preamble.
Alternatively, save the file in UTF-8 using your editor or another tool


lab1_V2.py:432: LaTeX Error: Invalid UTF-8 byte sequence (�\lst@EC�\lst@EC�).

See the LaTeX manual or LaTeX Companion for explanation.
Type  H <return>  for immediate help.
 ...                                              
                                                  
l.432 ...��─────────────
                                                  
The document does not appear to be in UTF-8 encoding.
Try adding \UseRawInputEncoding as the first line of the file
or specify an encoding such as \usepackage [latin1]{inputenc}
in the document preamble.
Alternatively, save the file in UTF-8 using your editor or another tool


lab1_V2.py:432: LaTeX Error: Invalid UTF-8 byte sequence (�\lst@EC�\lst@EC�).

See the LaTeX manual or LaTeX Companion for explanation.
Type  H <return>  for immediate help.
 ...                                              
                                                  
l.432 ...��─────────────
                                                  
The document does not appear to be in UTF-8 encoding.
Try adding \UseRawInputEncoding as the first line of the file
or specify an encoding such as \usepackage [latin1]{inputenc}
in the document preamble.
Alternatively, save the file in UTF-8 using your editor or another tool


lab1_V2.py:432: LaTeX Error: Invalid UTF-8 byte sequence (�\lst@EC�\lst@EC�).

See the LaTeX manual or LaTeX Companion for explanation.
Type  H <return>  for immediate help.
 ...                                              
                                                  
l.432 ...��─────────────
                                                  
The document does not appear to be in UTF-8 encoding.
Try adding \UseRawInputEncoding as the first line of the file
or specify an encoding such as \usepackage [latin1]{inputenc}
in the document preamble.
Alternatively, save the file in UTF-8 using your editor or another tool


lab1_V2.py:432: LaTeX Error: Invalid UTF-8 byte sequence (�\lst@EC�\lst@EC�).

See the LaTeX manual or LaTeX Companion for explanation.
Type  H <return>  for immediate help.
 ...                                              
                                                  
l.432 ...��─────────────
                                                  
The document does not appear to be in UTF-8 encoding.
Try adding \UseRawInputEncoding as the first line of the file
or specify an encoding such as \usepackage [latin1]{inputenc}
in the document preamble.
Alternatively, save the file in UTF-8 using your editor or another tool


lab1_V2.py:432: LaTeX Error: Invalid UTF-8 byte sequence (�\lst@EC�\lst@EC�).

See the LaTeX manual or LaTeX Companion for explanation.
Type  H <return>  for immediate help.
 ...                                              
                                                  
l.432 ...��─────────────
                                                  
The document does not appear to be in UTF-8 encoding.
Try adding \UseRawInputEncoding as the first line of the file
or specify an encoding such as \usepackage [latin1]{inputenc}
in the document preamble.
Alternatively, save the file in UTF-8 using your editor or another tool


lab1_V2.py:432: LaTeX Error: Invalid UTF-8 byte sequence (�\lst@EC�\lst@EC�).

See the LaTeX manual or LaTeX Companion for explanation.
Type  H <return>  for immediate help.
 ...                                              
                                                  
l.432 ...��─────────────
                                                  
The document does not appear to be in UTF-8 encoding.
Try adding \UseRawInputEncoding as the first line of the file
or specify an encoding such as \usepackage [latin1]{inputenc}
in the document preamble.
Alternatively, save the file in UTF-8 using your editor or another tool


lab1_V2.py:432: LaTeX Error: Invalid UTF-8 byte sequence (�\lst@EC�\lst@EC�).

See the LaTeX manual or LaTeX Companion for explanation.
Type  H <return>  for immediate help.
 ...                                              
                                                  
l.432 ...��─────────────
                                                  
The document does not appear to be in UTF-8 encoding.
Try adding \UseRawInputEncoding as the first line of the file
or specify an encoding such as \usepackage [latin1]{inputenc}
in the document preamble.
Alternatively, save the file in UTF-8 using your editor or another tool


lab1_V2.py:432: LaTeX Error: Invalid UTF-8 byte sequence (�\lst@EC�\lst@EC�).

See the LaTeX manual or LaTeX Companion for explanation.
Type  H <return>  for immediate help.
 ...                                              
                                                  
l.432 ...��─────────────
                                                  
The document does not appear to be in UTF-8 encoding.
Try adding \UseRawInputEncoding as the first line of the file
or specify an encoding such as \usepackage [latin1]{inputenc}
in the document preamble.
Alternatively, save the file in UTF-8 using your editor or another tool


lab1_V2.py:432: LaTeX Error: Invalid UTF-8 byte sequence (�\lst@EC�\lst@EC�).

See the LaTeX manual or LaTeX Companion for explanation.
Type  H <return>  for immediate help.
 ...                                              
                                                  
l.432 ...��─────────────
                                                  
The document does not appear to be in UTF-8 encoding.
Try adding \UseRawInputEncoding as the first line of the file
or specify an encoding such as \usepackage [latin1]{inputenc}
in the document preamble.
Alternatively, save the file in UTF-8 using your editor or another tool


lab1_V2.py:432: LaTeX Error: Invalid UTF-8 byte sequence (�\lst@EC�\lst@EC�).

See the LaTeX manual or LaTeX Companion for explanation.
Type  H <return>  for immediate help.
 ...                                              
                                                  
l.432 ...��─────────────
                                                  
The document does not appear to be in UTF-8 encoding.
Try adding \UseRawInputEncoding as the first line of the file
or specify an encoding such as \usepackage [latin1]{inputenc}
in the document preamble.
Alternatively, save the file in UTF-8 using your editor or another tool


lab1_V2.py:432: LaTeX Error: Invalid UTF-8 byte sequence (�\lst@EC�\lst@EC�).

See the LaTeX manual or LaTeX Companion for explanation.
Type  H <return>  for immediate help.
 ...                                              
                                                  
l.432 ...��─────────────
                                                  
The document does not appear to be in UTF-8 encoding.
Try adding \UseRawInputEncoding as the first line of the file
or specify an encoding such as \usepackage [latin1]{inputenc}
in the document preamble.
Alternatively, save the file in UTF-8 using your editor or another tool


lab1_V2.py:432: LaTeX Error: Invalid UTF-8 byte sequence (�\lst@EC�\lst@EC�).

See the LaTeX manual or LaTeX Companion for explanation.
Type  H <return>  for immediate help.
 ...                                              
                                                  
l.432 ...��─────────────
                                                  
The document does not appear to be in UTF-8 encoding.
Try adding \UseRawInputEncoding as the first line of the file
or specify an encoding such as \usepackage [latin1]{inputenc}
in the document preamble.
Alternatively, save the file in UTF-8 using your editor or another tool


lab1_V2.py:432: LaTeX Error: Invalid UTF-8 byte sequence (�\lst@EC�\lst@EC�).

See the LaTeX manual or LaTeX Companion for explanation.
Type  H <return>  for immediate help.
 ...                                              
                                                  
l.432 ...��─────────────
                                                  
The document does not appear to be in UTF-8 encoding.
Try adding \UseRawInputEncoding as the first line of the file
or specify an encoding such as \usepackage [latin1]{inputenc}
in the document preamble.
Alternatively, save the file in UTF-8 using your editor or another tool


lab1_V2.py:432: LaTeX Error: Invalid UTF-8 byte sequence (�\lst@EC�\lst@EC�).

See the LaTeX manual or LaTeX Companion for explanation.
Type  H <return>  for immediate help.
 ...                                              
                                                  
l.432 ...��─────────────
                                                  
The document does not appear to be in UTF-8 encoding.
Try adding \UseRawInputEncoding as the first line of the file
or specify an encoding such as \usepackage [latin1]{inputenc}
in the document preamble.
Alternatively, save the file in UTF-8 using your editor or another tool


lab1_V2.py:432: LaTeX Error: Invalid UTF-8 byte sequence (�\lst@EC�\lst@EC�).

See the LaTeX manual or LaTeX Companion for explanation.
Type  H <return>  for immediate help.
 ...                                              
                                                  
l.432 ...��─────────────
                                                  
The document does not appear to be in UTF-8 encoding.
Try adding \UseRawInputEncoding as the first line of the file
or specify an encoding such as \usepackage [latin1]{inputenc}
in the document preamble.
Alternatively, save the file in UTF-8 using your editor or another tool


lab1_V2.py:432: LaTeX Error: Invalid UTF-8 byte sequence (�\lst@EC�\lst@EC�).

See the LaTeX manual or LaTeX Companion for explanation.
Type  H <return>  for immediate help.
 ...                                              
                                                  
l.432 ...��─────────────
                                                  
The document does not appear to be in UTF-8 encoding.
Try adding \UseRawInputEncoding as the first line of the file
or specify an encoding such as \usepackage [latin1]{inputenc}
in the document preamble.
Alternatively, save the file in UTF-8 using your editor or another tool


lab1_V2.py:432: LaTeX Error: Invalid UTF-8 byte sequence (�\lst@EC�\lst@EC�).

See the LaTeX manual or LaTeX Companion for explanation.
Type  H <return>  for immediate help.
 ...                                              
                                                  
l.432 ...��─────────────
                                                  
The document does not appear to be in UTF-8 encoding.
Try adding \UseRawInputEncoding as the first line of the file
or specify an encoding such as \usepackage [latin1]{inputenc}
in the document preamble.
Alternatively, save the file in UTF-8 using your editor or another tool


lab1_V2.py:432: LaTeX Error: Invalid UTF-8 byte sequence (�\lst@EC�\lst@EC�).

See the LaTeX manual or LaTeX Companion for explanation.
Type  H <return>  for immediate help.
 ...                                              
                                                  
l.432 ...��─────────────
                                                  
The document does not appear to be in UTF-8 encoding.
Try adding \UseRawInputEncoding as the first line of the file
or specify an encoding such as \usepackage [latin1]{inputenc}
in the document preamble.
Alternatively, save the file in UTF-8 using your editor or another tool


lab1_V2.py:432: LaTeX Error: Invalid UTF-8 byte sequence (�\lst@EC�\lst@EC�).

See the LaTeX manual or LaTeX Companion for explanation.
Type  H <return>  for immediate help.
 ...                                              
                                                  
l.432 ...��─────────────
                                                  
The document does not appear to be in UTF-8 encoding.
Try adding \UseRawInputEncoding as the first line of the file
or specify an encoding such as \usepackage [latin1]{inputenc}
in the document preamble.
Alternatively, save the file in UTF-8 using your editor or another tool


lab1_V2.py:432: LaTeX Error: Invalid UTF-8 byte sequence (�\lst@EC�\lst@EC�).

See the LaTeX manual or LaTeX Companion for explanation.
Type  H <return>  for immediate help.
 ...                                              
                                                  
l.432 ...��─────────────
                                                  
The document does not appear to be in UTF-8 encoding.
Try adding \UseRawInputEncoding as the first line of the file
or specify an encoding such as \usepackage [latin1]{inputenc}
in the document preamble.
Alternatively, save the file in UTF-8 using your editor or another tool


lab1_V2.py:432: LaTeX Error: Invalid UTF-8 byte sequence (�\lst@EC�\lst@EC�).

See the LaTeX manual or LaTeX Companion for explanation.
Type  H <return>  for immediate help.
 ...                                              
                                                  
l.432 ...��─────────────
                                                  
The document does not appear to be in UTF-8 encoding.
Try adding \UseRawInputEncoding as the first line of the file
or specify an encoding such as \usepackage [latin1]{inputenc}
in the document preamble.
Alternatively, save the file in UTF-8 using your editor or another tool


lab1_V2.py:432: LaTeX Error: Invalid UTF-8 byte sequence (�\lst@EC�\lst@EC�).

See the LaTeX manual or LaTeX Companion for explanation.
Type  H <return>  for immediate help.
 ...                                              
                                                  
l.432 ...��─────────────
                                                  
The document does not appear to be in UTF-8 encoding.
Try adding \UseRawInputEncoding as the first line of the file
or specify an encoding such as \usepackage [latin1]{inputenc}
in the document preamble.
Alternatively, save the file in UTF-8 using your editor or another tool


lab1_V2.py:432: LaTeX Error: Invalid UTF-8 byte sequence (�\lst@EC�\lst@EC�).

See the LaTeX manual or LaTeX Companion for explanation.
Type  H <return>  for immediate help.
 ...                                              
                                                  
l.432 ...��─────────────
                                                  
The document does not appear to be in UTF-8 encoding.
Try adding \UseRawInputEncoding as the first line of the file
or specify an encoding such as \usepackage [latin1]{inputenc}
in the document preamble.
Alternatively, save the file in UTF-8 using your editor or another tool


lab1_V2.py:432: LaTeX Error: Invalid UTF-8 byte sequence (�\lst@EC�\lst@EC�).

See the LaTeX manual or LaTeX Companion for explanation.
Type  H <return>  for immediate help.
 ...                                              
                                                  
l.432 ...��─────────────
                                                  
The document does not appear to be in UTF-8 encoding.
Try adding \UseRawInputEncoding as the first line of the file
or specify an encoding such as \usepackage [latin1]{inputenc}
in the document preamble.
Alternatively, save the file in UTF-8 using your editor or another tool


lab1_V2.py:432: LaTeX Error: Invalid UTF-8 byte sequence (�\lst@EC�\lst@EC�).

See the LaTeX manual or LaTeX Companion for explanation.
Type  H <return>  for immediate help.
 ...                                              
                                                  
l.432 ...��─────────────
                                                  
The document does not appear to be in UTF-8 encoding.
Try adding \UseRawInputEncoding as the first line of the file
or specify an encoding such as \usepackage [latin1]{inputenc}
in the document preamble.
Alternatively, save the file in UTF-8 using your editor or another tool


lab1_V2.py:432: LaTeX Error: Invalid UTF-8 byte sequence (�\lst@EC�\lst@EC�).

See the LaTeX manual or LaTeX Companion for explanation.
Type  H <return>  for immediate help.
 ...                                              
                                                  
l.432 ...��─────────────
                                                  
The document does not appear to be in UTF-8 encoding.
Try adding \UseRawInputEncoding as the first line of the file
or specify an encoding such as \usepackage [latin1]{inputenc}
in the document preamble.
Alternatively, save the file in UTF-8 using your editor or another tool


lab1_V2.py:432: LaTeX Error: Invalid UTF-8 byte sequence (�\lst@EC�\lst@EC�).

See the LaTeX manual or LaTeX Companion for explanation.
Type  H <return>  for immediate help.
 ...                                              
                                                  
l.432 ...��─────────────
                                                  
The document does not appear to be in UTF-8 encoding.
Try adding \UseRawInputEncoding as the first line of the file
or specify an encoding such as \usepackage [latin1]{inputenc}
in the document preamble.
Alternatively, save the file in UTF-8 using your editor or another tool


lab1_V2.py:432: LaTeX Error: Invalid UTF-8 byte sequence (�\lst@EC�\lst@EC�).

See the LaTeX manual or LaTeX Companion for explanation.
Type  H <return>  for immediate help.
 ...                                              
                                                  
l.432 ...��─────────────
                                                  
The document does not appear to be in UTF-8 encoding.
Try adding \UseRawInputEncoding as the first line of the file
or specify an encoding such as \usepackage [latin1]{inputenc}
in the document preamble.
Alternatively, save the file in UTF-8 using your editor or another tool


lab1_V2.py:432: LaTeX Error: Invalid UTF-8 byte sequence (�\lst@EC�\lst@EC�).

See the LaTeX manual or LaTeX Companion for explanation.
Type  H <return>  for immediate help.
 ...                                              
                                                  
l.432 ...��─────────────
                                                  
The document does not appear to be in UTF-8 encoding.
Try adding \UseRawInputEncoding as the first line of the file
or specify an encoding such as \usepackage [latin1]{inputenc}
in the document preamble.
Alternatively, save the file in UTF-8 using your editor or another tool


lab1_V2.py:432: LaTeX Error: Invalid UTF-8 byte sequence (�\lst@EC�\lst@EC�).

See the LaTeX manual or LaTeX Companion for explanation.
Type  H <return>  for immediate help.
 ...                                              
                                                  
l.432 ...��─────────────
                                                  
The document does not appear to be in UTF-8 encoding.
Try adding \UseRawInputEncoding as the first line of the file
or specify an encoding such as \usepackage [latin1]{inputenc}
in the document preamble.
Alternatively, save the file in UTF-8 using your editor or another tool


lab1_V2.py:432: LaTeX Error: Invalid UTF-8 byte sequence (�\lst@EC�\lst@EC�).

See the LaTeX manual or LaTeX Companion for explanation.
Type  H <return>  for immediate help.
 ...                                              
                                                  
l.432 ...��─────────────
                                                  
The document does not appear to be in UTF-8 encoding.
Try adding \UseRawInputEncoding as the first line of the file
or specify an encoding such as \usepackage [latin1]{inputenc}
in the document preamble.
Alternatively, save the file in UTF-8 using your editor or another tool


lab1_V2.py:432: LaTeX Error: Invalid UTF-8 byte sequence (�\lst@EC�\lst@EC�).

See the LaTeX manual or LaTeX Companion for explanation.
Type  H <return>  for immediate help.
 ...                                              
                                                  
l.432 ...��─────────────
                                                  
The document does not appear to be in UTF-8 encoding.
Try adding \UseRawInputEncoding as the first line of the file
or specify an encoding such as \usepackage [latin1]{inputenc}
in the document preamble.
Alternatively, save the file in UTF-8 using your editor or another tool


lab1_V2.py:432: LaTeX Error: Invalid UTF-8 byte sequence (�\lst@EC�\lst@EC�).

See the LaTeX manual or LaTeX Companion for explanation.
Type  H <return>  for immediate help.
 ...                                              
                                                  
l.432 ...��─────────────
                                                  
The document does not appear to be in UTF-8 encoding.
Try adding \UseRawInputEncoding as the first line of the file
or specify an encoding such as \usepackage [latin1]{inputenc}
in the document preamble.
Alternatively, save the file in UTF-8 using your editor or another tool


lab1_V2.py:432: LaTeX Error: Invalid UTF-8 byte sequence (�\lst@EC�\lst@EC�).

See the LaTeX manual or LaTeX Companion for explanation.
Type  H <return>  for immediate help.
 ...                                              
                                                  
l.432 ...��─────────────
                                                  
The document does not appear to be in UTF-8 encoding.
Try adding \UseRawInputEncoding as the first line of the file
or specify an encoding such as \usepackage [latin1]{inputenc}
in the document preamble.
Alternatively, save the file in UTF-8 using your editor or another tool


lab1_V2.py:432: LaTeX Error: Invalid UTF-8 byte sequence (�\lst@EC�\lst@EC�).

See the LaTeX manual or LaTeX Companion for explanation.
Type  H <return>  for immediate help.
 ...                                              
                                                  
l.432 ...��─────────────
                                                  
The document does not appear to be in UTF-8 encoding.
Try adding \UseRawInputEncoding as the first line of the file
or specify an encoding such as \usepackage [latin1]{inputenc}
in the document preamble.
Alternatively, save the file in UTF-8 using your editor or another tool


lab1_V2.py:432: LaTeX Error: Invalid UTF-8 byte sequence (�\lst@EC�\lst@EC�).

See the LaTeX manual or LaTeX Companion for explanation.
Type  H <return>  for immediate help.
 ...                                              
                                                  
l.432 ...��─────────────
                                                  
The document does not appear to be in UTF-8 encoding.
Try adding \UseRawInputEncoding as the first line of the file
or specify an encoding such as \usepackage [latin1]{inputenc}
in the document preamble.
Alternatively, save the file in UTF-8 using your editor or another tool


lab1_V2.py:432: LaTeX Error: Invalid UTF-8 byte sequence (�\lst@EC�\lst@EC�).

See the LaTeX manual or LaTeX Companion for explanation.
Type  H <return>  for immediate help.
 ...                                              
                                                  
l.432 ...��─────────────
                                                  
The document does not appear to be in UTF-8 encoding.
Try adding \UseRawInputEncoding as the first line of the file
or specify an encoding such as \usepackage [latin1]{inputenc}
in the document preamble.
Alternatively, save the file in UTF-8 using your editor or another tool


lab1_V2.py:432: LaTeX Error: Invalid UTF-8 byte sequence (�\lst@EC�\lst@EC�).

See the LaTeX manual or LaTeX Companion for explanation.
Type  H <return>  for immediate help.
 ...                                              
                                                  
l.432 ...��─────────────
                                                  
The document does not appear to be in UTF-8 encoding.
Try adding \UseRawInputEncoding as the first line of the file
or specify an encoding such as \usepackage [latin1]{inputenc}
in the document preamble.
Alternatively, save the file in UTF-8 using your editor or another tool


lab1_V2.py:432: LaTeX Error: Invalid UTF-8 byte sequence (�\lst@EC�\lst@EC�).

See the LaTeX manual or LaTeX Companion for explanation.
Type  H <return>  for immediate help.
 ...                                              
                                                  
l.432 ...��─────────────
                                                  
The document does not appear to be in UTF-8 encoding.
Try adding \UseRawInputEncoding as the first line of the file
or specify an encoding such as \usepackage [latin1]{inputenc}
in the document preamble.
Alternatively, save the file in UTF-8 using your editor or another tool


lab1_V2.py:432: LaTeX Error: Invalid UTF-8 byte sequence (�\lst@EC�\lst@EC�).

See the LaTeX manual or LaTeX Companion for explanation.
Type  H <return>  for immediate help.
 ...                                              
                                                  
l.432 ...��─────────────
                                                  
The document does not appear to be in UTF-8 encoding.
Try adding \UseRawInputEncoding as the first line of the file
or specify an encoding such as \usepackage [latin1]{inputenc}
in the document preamble.
Alternatively, save the file in UTF-8 using your editor or another tool


lab1_V2.py:432: LaTeX Error: Invalid UTF-8 byte sequence (�\lst@EC�\lst@EC�).

See the LaTeX manual or LaTeX Companion for explanation.
Type  H <return>  for immediate help.
 ...                                              
                                                  
l.432 ...��─────────────
                                                  
The document does not appear to be in UTF-8 encoding.
Try adding \UseRawInputEncoding as the first line of the file
or specify an encoding such as \usepackage [latin1]{inputenc}
in the document preamble.
Alternatively, save the file in UTF-8 using your editor or another tool


lab1_V2.py:432: LaTeX Error: Invalid UTF-8 byte sequence (�\lst@EC�\lst@EC�).

See the LaTeX manual or LaTeX Companion for explanation.
Type  H <return>  for immediate help.
 ...                                              
                                                  
l.432 ...��─────────────
                                                  
The document does not appear to be in UTF-8 encoding.
Try adding \UseRawInputEncoding as the first line of the file
or specify an encoding such as \usepackage [latin1]{inputenc}
in the document preamble.
Alternatively, save the file in UTF-8 using your editor or another tool


lab1_V2.py:432: LaTeX Error: Invalid UTF-8 byte sequence (�\lst@EC�\lst@EC�).

See the LaTeX manual or LaTeX Companion for explanation.
Type  H <return>  for immediate help.
 ...                                              
                                                  
l.432 ...��─────────────
                                                  
The document does not appear to be in UTF-8 encoding.
Try adding \UseRawInputEncoding as the first line of the file
or specify an encoding such as \usepackage [latin1]{inputenc}
in the document preamble.
Alternatively, save the file in UTF-8 using your editor or another tool


lab1_V2.py:432: LaTeX Error: Invalid UTF-8 byte sequence (�\lst@EC�\lst@EC�).

See the LaTeX manual or LaTeX Companion for explanation.
Type  H <return>  for immediate help.
 ...                                              
                                                  
l.432 ...��─────────────
                                                  
The document does not appear to be in UTF-8 encoding.
Try adding \UseRawInputEncoding as the first line of the file
or specify an encoding such as \usepackage [latin1]{inputenc}
in the document preamble.
Alternatively, save the file in UTF-8 using your editor or another tool


lab1_V2.py:432: LaTeX Error: Invalid UTF-8 byte sequence (�\lst@EC�\lst@EC�).

See the LaTeX manual or LaTeX Companion for explanation.
Type  H <return>  for immediate help.
 ...                                              
                                                  
l.432 ...��─────────────
                                                  
The document does not appear to be in UTF-8 encoding.
Try adding \UseRawInputEncoding as the first line of the file
or specify an encoding such as \usepackage [latin1]{inputenc}
in the document preamble.
Alternatively, save the file in UTF-8 using your editor or another tool


lab1_V2.py:432: LaTeX Error: Invalid UTF-8 byte sequence (�\lst@EC�\lst@EC�).

See the LaTeX manual or LaTeX Companion for explanation.
Type  H <return>  for immediate help.
 ...                                              
                                                  
l.432 ...��─────────────
                                                  
The document does not appear to be in UTF-8 encoding.
Try adding \UseRawInputEncoding as the first line of the file
or specify an encoding such as \usepackage [latin1]{inputenc}
in the document preamble.
Alternatively, save the file in UTF-8 using your editor or another tool


lab1_V2.py:432: LaTeX Error: Invalid UTF-8 byte sequence (�\lst@EC�\lst@EC�).

See the LaTeX manual or LaTeX Companion for explanation.
Type  H <return>  for immediate help.
 ...                                              
                                                  
l.432 ...��─────────────
                                                  
The document does not appear to be in UTF-8 encoding.
Try adding \UseRawInputEncoding as the first line of the file
or specify an encoding such as \usepackage [latin1]{inputenc}
in the document preamble.
Alternatively, save the file in UTF-8 using your editor or another tool


lab1_V2.py:432: LaTeX Error: Invalid UTF-8 byte sequence (�\lst@EC�\lst@EC�).

See the LaTeX manual or LaTeX Companion for explanation.
Type  H <return>  for immediate help.
 ...                                              
                                                  
l.432 ...��─────────────
                                                  
The document does not appear to be in UTF-8 encoding.
Try adding \UseRawInputEncoding as the first line of the file
or specify an encoding such as \usepackage [latin1]{inputenc}
in the document preamble.
Alternatively, save the file in UTF-8 using your editor or another tool


lab1_V2.py:432: LaTeX Error: Invalid UTF-8 byte sequence (�\lst@EC�\lst@EC�).

See the LaTeX manual or LaTeX Companion for explanation.
Type  H <return>  for immediate help.
 ...                                              
                                                  
l.432 ...��─────────────
                                                  
The document does not appear to be in UTF-8 encoding.
Try adding \UseRawInputEncoding as the first line of the file
or specify an encoding such as \usepackage [latin1]{inputenc}
in the document preamble.
Alternatively, save the file in UTF-8 using your editor or another tool


lab1_V2.py:432: LaTeX Error: Invalid UTF-8 byte sequence (�\lst@EC�\lst@EC�).

See the LaTeX manual or LaTeX Companion for explanation.
Type  H <return>  for immediate help.
 ...                                              
                                                  
l.432 ...��─────────────
                                                  
The document does not appear to be in UTF-8 encoding.
Try adding \UseRawInputEncoding as the first line of the file
or specify an encoding such as \usepackage [latin1]{inputenc}
in the document preamble.
Alternatively, save the file in UTF-8 using your editor or another tool


Overfull \hbox (710.31528pt too wide) in paragraph at lines 432--433
[][][][][][][][][][][][] 
 []


lab1_V2.py:435: LaTeX Error: Invalid UTF-8 byte sequence (�\lst@FillFixed@\lst@EC�).

See the LaTeX manual or LaTeX Companion for explanation.
Type  H <return>  for immediate help.
 ...                                              
                                                  
l.435                        # → 
                                   usamos o percentil 1 (pior 1 %) como crit...
The document does not appear to be in UTF-8 encoding.
Try adding \UseRawInputEncoding as the first line of the file
or specify an encoding such as \usepackage [latin1]{inputenc}
in the document preamble.
Alternatively, save the file in UTF-8 using your editor or another tool


lab1_V2.py:435: LaTeX Error: Invalid UTF-8 byte "92.

See the LaTeX manual or LaTeX Companion for explanation.
Type  H <return>  for immediate help.
 ...                                              
                                                  
l.435                        # → 
                                   usamos o percentil 1 (pior 1 %) como crit...
The document does not appear to be in UTF-8 encoding.
Try adding \UseRawInputEncoding as the first line of the file
or specify an encoding such as \usepackage [latin1]{inputenc}
in the document preamble.
Alternatively, save the file in UTF-8 using your editor or another tool


lab1_V2.py:437: LaTeX Error: Invalid UTF-8 byte sequence (�\lst@FillFixed@\lst@EC�).

See the LaTeX manual or LaTeX Companion for explanation.
Type  H <return>  for immediate help.
 ...                                              
                                                  
l.437 # ── 
               1. ENOB a partir dos resultados Monte Carlo existentes ──...
The document does not appear to be in UTF-8 encoding.
Try adding \UseRawInputEncoding as the first line of the file
or specify an encoding such as \usepackage [latin1]{inputenc}
in the document preamble.
Alternatively, save the file in UTF-8 using your editor or another tool


lab1_V2.py:437: LaTeX Error: Invalid UTF-8 byte "80.

See the LaTeX manual or LaTeX Companion for explanation.
Type  H <return>  for immediate help.
 ...                                              
                                                  
l.437 # ── 
               1. ENOB a partir dos resultados Monte Carlo existentes ──...
The document does not appear to be in UTF-8 encoding.
Try adding \UseRawInputEncoding as the first line of the file
or specify an encoding such as \usepackage [latin1]{inputenc}
in the document preamble.
Alternatively, save the file in UTF-8 using your editor or another tool


lab1_V2.py:437: LaTeX Error: Invalid UTF-8 byte sequence (�\lst@EC�\lst@EC�).

See the LaTeX manual or LaTeX Companion for explanation.
Type  H <return>  for immediate help.
 ...                                              
                                                  
l.437 # ── 
               1. ENOB a partir dos resultados Monte Carlo existentes ──...
The document does not appear to be in UTF-8 encoding.
Try adding \UseRawInputEncoding as the first line of the file
or specify an encoding such as \usepackage [latin1]{inputenc}
in the document preamble.
Alternatively, save the file in UTF-8 using your editor or another tool


lab1_V2.py:437: LaTeX Error: Invalid UTF-8 byte sequence (�\lst@FillFixed@\lst@EC�).

See the LaTeX manual or LaTeX Companion for explanation.
Type  H <return>  for immediate help.
 ...                                              
                                                  
l.437 ...��─────────────
                                                  
The document does not appear to be in UTF-8 encoding.
Try adding \UseRawInputEncoding as the first line of the file
or specify an encoding such as \usepackage [latin1]{inputenc}
in the document preamble.
Alternatively, save the file in UTF-8 using your editor or another tool


lab1_V2.py:437: LaTeX Error: Invalid UTF-8 byte "80.

See the LaTeX manual or LaTeX Companion for explanation.
Type  H <return>  for immediate help.
 ...                                              
                                                  
l.437 ...��─────────────
                                                  
The document does not appear to be in UTF-8 encoding.
Try adding \UseRawInputEncoding as the first line of the file
or specify an encoding such as \usepackage [latin1]{inputenc}
in the document preamble.
Alternatively, save the file in UTF-8 using your editor or another tool


lab1_V2.py:437: LaTeX Error: Invalid UTF-8 byte sequence (�\lst@EC�\lst@EC�).

See the LaTeX manual or LaTeX Companion for explanation.
Type  H <return>  for immediate help.
 ...                                              
                                                  
l.437 ...��─────────────
                                                  
The document does not appear to be in UTF-8 encoding.
Try adding \UseRawInputEncoding as the first line of the file
or specify an encoding such as \usepackage [latin1]{inputenc}
in the document preamble.
Alternatively, save the file in UTF-8 using your editor or another tool


lab1_V2.py:437: LaTeX Error: Invalid UTF-8 byte sequence (�\lst@EC�\lst@EC�).

See the LaTeX manual or LaTeX Companion for explanation.
Type  H <return>  for immediate help.
 ...                                              
                                                  
l.437 ...��─────────────
                                                  
The document does not appear to be in UTF-8 encoding.
Try adding \UseRawInputEncoding as the first line of the file
or specify an encoding such as \usepackage [latin1]{inputenc}
in the document preamble.
Alternatively, save the file in UTF-8 using your editor or another tool


lab1_V2.py:437: LaTeX Error: Invalid UTF-8 byte sequence (�\lst@EC�\lst@EC�).

See the LaTeX manual or LaTeX Companion for explanation.
Type  H <return>  for immediate help.
 ...                                              
                                                  
l.437 ...��─────────────
                                                  
The document does not appear to be in UTF-8 encoding.
Try adding \UseRawInputEncoding as the first line of the file
or specify an encoding such as \usepackage [latin1]{inputenc}
in the document preamble.
Alternatively, save the file in UTF-8 using your editor or another tool


lab1_V2.py:437: LaTeX Error: Invalid UTF-8 byte sequence (�\lst@EC�\lst@EC�).

See the LaTeX manual or LaTeX Companion for explanation.
Type  H <return>  for immediate help.
 ...                                              
                                                  
l.437 ...��─────────────
                                                  
The document does not appear to be in UTF-8 encoding.
Try adding \UseRawInputEncoding as the first line of the file
or specify an encoding such as \usepackage [latin1]{inputenc}
in the document preamble.
Alternatively, save the file in UTF-8 using your editor or another tool


lab1_V2.py:437: LaTeX Error: Invalid UTF-8 byte sequence (�\lst@EC�\lst@EC�).

See the LaTeX manual or LaTeX Companion for explanation.
Type  H <return>  for immediate help.
 ...                                              
                                                  
l.437 ...��─────────────
                                                  
The document does not appear to be in UTF-8 encoding.
Try adding \UseRawInputEncoding as the first line of the file
or specify an encoding such as \usepackage [latin1]{inputenc}
in the document preamble.
Alternatively, save the file in UTF-8 using your editor or another tool


lab1_V2.py:437: LaTeX Error: Invalid UTF-8 byte sequence (�\lst@EC�\lst@EC�).

See the LaTeX manual or LaTeX Companion for explanation.
Type  H <return>  for immediate help.
 ...                                              
                                                  
l.437 ...��─────────────
                                                  
The document does not appear to be in UTF-8 encoding.
Try adding \UseRawInputEncoding as the first line of the file
or specify an encoding such as \usepackage [latin1]{inputenc}
in the document preamble.
Alternatively, save the file in UTF-8 using your editor or another tool


lab1_V2.py:437: LaTeX Error: Invalid UTF-8 byte sequence (�\lst@EC�\lst@EC�).

See the LaTeX manual or LaTeX Companion for explanation.
Type  H <return>  for immediate help.
 ...                                              
                                                  
l.437 ...��─────────────
                                                  
The document does not appear to be in UTF-8 encoding.
Try adding \UseRawInputEncoding as the first line of the file
or specify an encoding such as \usepackage [latin1]{inputenc}
in the document preamble.
Alternatively, save the file in UTF-8 using your editor or another tool


lab1_V2.py:437: LaTeX Error: Invalid UTF-8 byte sequence (�\lst@EC�\lst@EC�).

See the LaTeX manual or LaTeX Companion for explanation.
Type  H <return>  for immediate help.
 ...                                              
                                                  
l.437 ...��─────────────
                                                  
The document does not appear to be in UTF-8 encoding.
Try adding \UseRawInputEncoding as the first line of the file
or specify an encoding such as \usepackage [latin1]{inputenc}
in the document preamble.
Alternatively, save the file in UTF-8 using your editor or another tool


lab1_V2.py:437: LaTeX Error: Invalid UTF-8 byte sequence (�\lst@EC�\lst@EC�).

See the LaTeX manual or LaTeX Companion for explanation.
Type  H <return>  for immediate help.
 ...                                              
                                                  
l.437 ...��─────────────
                                                  
The document does not appear to be in UTF-8 encoding.
Try adding \UseRawInputEncoding as the first line of the file
or specify an encoding such as \usepackage [latin1]{inputenc}
in the document preamble.
Alternatively, save the file in UTF-8 using your editor or another tool


lab1_V2.py:437: LaTeX Error: Invalid UTF-8 byte sequence (�\lst@EC�\lst@EC�).

See the LaTeX manual or LaTeX Companion for explanation.
Type  H <return>  for immediate help.
 ...                                              
                                                  
l.437 ...��─────────────
                                                  
The document does not appear to be in UTF-8 encoding.
Try adding \UseRawInputEncoding as the first line of the file
or specify an encoding such as \usepackage [latin1]{inputenc}
in the document preamble.
Alternatively, save the file in UTF-8 using your editor or another tool


lab1_V2.py:437: LaTeX Error: Invalid UTF-8 byte sequence (�\lst@EC�\lst@EC�).

See the LaTeX manual or LaTeX Companion for explanation.
Type  H <return>  for immediate help.
 ...                                              
                                                  
l.437 ...��─────────────
                                                  
The document does not appear to be in UTF-8 encoding.
Try adding \UseRawInputEncoding as the first line of the file
or specify an encoding such as \usepackage [latin1]{inputenc}
in the document preamble.
Alternatively, save the file in UTF-8 using your editor or another tool


lab1_V2.py:437: LaTeX Error: Invalid UTF-8 byte sequence (�\lst@EC�\lst@EC�).

See the LaTeX manual or LaTeX Companion for explanation.
Type  H <return>  for immediate help.
 ...                                              
                                                  
l.437 ...��─────────────
                                                  
The document does not appear to be in UTF-8 encoding.
Try adding \UseRawInputEncoding as the first line of the file
or specify an encoding such as \usepackage [latin1]{inputenc}
in the document preamble.
Alternatively, save the file in UTF-8 using your editor or another tool


lab1_V2.py:437: LaTeX Error: Invalid UTF-8 byte sequence (�\lst@EC�\lst@EC�).

See the LaTeX manual or LaTeX Companion for explanation.
Type  H <return>  for immediate help.
 ...                                              
                                                  
l.437 ...��─────────────
                                                  
The document does not appear to be in UTF-8 encoding.
Try adding \UseRawInputEncoding as the first line of the file
or specify an encoding such as \usepackage [latin1]{inputenc}
in the document preamble.
Alternatively, save the file in UTF-8 using your editor or another tool


lab1_V2.py:437: LaTeX Error: Invalid UTF-8 byte sequence (�\lst@EC�\lst@EC�).

See the LaTeX manual or LaTeX Companion for explanation.
Type  H <return>  for immediate help.
 ...                                              
                                                  
l.437 ...��─────────────
                                                  
The document does not appear to be in UTF-8 encoding.
Try adding \UseRawInputEncoding as the first line of the file
or specify an encoding such as \usepackage [latin1]{inputenc}
in the document preamble.
Alternatively, save the file in UTF-8 using your editor or another tool


lab1_V2.py:437: LaTeX Error: Invalid UTF-8 byte sequence (�\lst@EC�\lst@EC�).

See the LaTeX manual or LaTeX Companion for explanation.
Type  H <return>  for immediate help.
 ...                                              
                                                  
l.437 ...��─────────────
                                                  
The document does not appear to be in UTF-8 encoding.
Try adding \UseRawInputEncoding as the first line of the file
or specify an encoding such as \usepackage [latin1]{inputenc}
in the document preamble.
Alternatively, save the file in UTF-8 using your editor or another tool


lab1_V2.py:437: LaTeX Error: Invalid UTF-8 byte sequence (�\lst@EC�\lst@EC�).

See the LaTeX manual or LaTeX Companion for explanation.
Type  H <return>  for immediate help.
 ...                                              
                                                  
l.437 ...��─────────────
                                                  
The document does not appear to be in UTF-8 encoding.
Try adding \UseRawInputEncoding as the first line of the file
or specify an encoding such as \usepackage [latin1]{inputenc}
in the document preamble.
Alternatively, save the file in UTF-8 using your editor or another tool


lab1_V2.py:437: LaTeX Error: Invalid UTF-8 byte sequence (�\lst@EC�\lst@EC�).

See the LaTeX manual or LaTeX Companion for explanation.
Type  H <return>  for immediate help.
 ...                                              
                                                  
l.437 ...��─────────────
                                                  
The document does not appear to be in UTF-8 encoding.
Try adding \UseRawInputEncoding as the first line of the file
or specify an encoding such as \usepackage [latin1]{inputenc}
in the document preamble.
Alternatively, save the file in UTF-8 using your editor or another tool


lab1_V2.py:437: LaTeX Error: Invalid UTF-8 byte sequence (�\lst@EC�\lst@EC�).

See the LaTeX manual or LaTeX Companion for explanation.
Type  H <return>  for immediate help.
 ...                                              
                                                  
l.437 ...��─────────────
                                                  
The document does not appear to be in UTF-8 encoding.
Try adding \UseRawInputEncoding as the first line of the file
or specify an encoding such as \usepackage [latin1]{inputenc}
in the document preamble.
Alternatively, save the file in UTF-8 using your editor or another tool


Overfull \hbox (242.31052pt too wide) in paragraph at lines 437--438
[][][][][][][][][][][][][][][][][][][][][][][][][][] 
 []


lab1_V2.py:440: LaTeX Error: Invalid UTF-8 byte sequence (�\expandafter).

See the LaTeX manual or LaTeX Companion for explanation.
Type  H <return>  for immediate help.
 ...                                              
                                                  
l.440 ...(enob_results,  1, axis=1)   # critério 
                                                  yield 99 %
The document does not appear to be in UTF-8 encoding.
Try adding \UseRawInputEncoding as the first line of the file
or specify an encoding such as \usepackage [latin1]{inputenc}
in the document preamble.
Alternatively, save the file in UTF-8 using your editor or another tool


lab1_V2.py:440: LaTeX Error: Invalid UTF-8 byte "A9.

See the LaTeX manual or LaTeX Companion for explanation.
Type  H <return>  for immediate help.
 ...                                              
                                                  
l.440 ...(enob_results,  1, axis=1)   # critério 
                                                  yield 99 %
The document does not appear to be in UTF-8 encoding.
Try adding \UseRawInputEncoding as the first line of the file
or specify an encoding such as \usepackage [latin1]{inputenc}
in the document preamble.
Alternatively, save the file in UTF-8 using your editor or another tool


lab1_V2.py:444: LaTeX Error: Invalid UTF-8 byte sequence (�\lst@FillFixed@\lst@EC�).

See the LaTeX manual or LaTeX Companion for explanation.
Type  H <return>  for immediate help.
 ...                                              
                                                  
l.444 # ── 
               2. σ_max que satisfaz ENOB_alvo @ yield_alvo ─────...
The document does not appear to be in UTF-8 encoding.
Try adding \UseRawInputEncoding as the first line of the file
or specify an encoding such as \usepackage [latin1]{inputenc}
in the document preamble.
Alternatively, save the file in UTF-8 using your editor or another tool


lab1_V2.py:444: LaTeX Error: Invalid UTF-8 byte "80.

See the LaTeX manual or LaTeX Companion for explanation.
Type  H <return>  for immediate help.
 ...                                              
                                                  
l.444 # ── 
               2. σ_max que satisfaz ENOB_alvo @ yield_alvo ─────...
The document does not appear to be in UTF-8 encoding.
Try adding \UseRawInputEncoding as the first line of the file
or specify an encoding such as \usepackage [latin1]{inputenc}
in the document preamble.
Alternatively, save the file in UTF-8 using your editor or another tool


lab1_V2.py:444: LaTeX Error: Invalid UTF-8 byte sequence (�\lst@EC�\lst@EC�).

See the LaTeX manual or LaTeX Companion for explanation.
Type  H <return>  for immediate help.
 ...                                              
                                                  
l.444 # ── 
               2. σ_max que satisfaz ENOB_alvo @ yield_alvo ─────...
The document does not appear to be in UTF-8 encoding.
Try adding \UseRawInputEncoding as the first line of the file
or specify an encoding such as \usepackage [latin1]{inputenc}
in the document preamble.
Alternatively, save the file in UTF-8 using your editor or another tool


lab1_V2.py:444: LaTeX Error: Invalid UTF-8 byte sequence (�\lst@FillFixed@).

See the LaTeX manual or LaTeX Companion for explanation.
Type  H <return>  for immediate help.
 ...                                              
                                                  
l.444 # ── 2. σ_max 
                         que satisfaz ENOB_alvo @ yield_alvo ─────...
The document does not appear to be in UTF-8 encoding.
Try adding \UseRawInputEncoding as the first line of the file
or specify an encoding such as \usepackage [latin1]{inputenc}
in the document preamble.
Alternatively, save the file in UTF-8 using your editor or another tool


lab1_V2.py:444: LaTeX Error: Invalid UTF-8 byte "83.

See the LaTeX manual or LaTeX Companion for explanation.
Type  H <return>  for immediate help.
 ...                                              
                                                  
l.444 # ── 2. σ_max 
                         que satisfaz ENOB_alvo @ yield_alvo ─────...
The document does not appear to be in UTF-8 encoding.
Try adding \UseRawInputEncoding as the first line of the file
or specify an encoding such as \usepackage [latin1]{inputenc}
in the document preamble.
Alternatively, save the file in UTF-8 using your editor or another tool


lab1_V2.py:444: LaTeX Error: Invalid UTF-8 byte sequence (�\lst@FillFixed@\lst@EC�).

See the LaTeX manual or LaTeX Companion for explanation.
Type  H <return>  for immediate help.
 ...                                              
                                                  
l.444 ...��─────────────
                                                  
The document does not appear to be in UTF-8 encoding.
Try adding \UseRawInputEncoding as the first line of the file
or specify an encoding such as \usepackage [latin1]{inputenc}
in the document preamble.
Alternatively, save the file in UTF-8 using your editor or another tool


lab1_V2.py:444: LaTeX Error: Invalid UTF-8 byte "80.

See the LaTeX manual or LaTeX Companion for explanation.
Type  H <return>  for immediate help.
 ...                                              
                                                  
l.444 ...��─────────────
                                                  
The document does not appear to be in UTF-8 encoding.
Try adding \UseRawInputEncoding as the first line of the file
or specify an encoding such as \usepackage [latin1]{inputenc}
in the document preamble.
Alternatively, save the file in UTF-8 using your editor or another tool


lab1_V2.py:444: LaTeX Error: Invalid UTF-8 byte sequence (�\lst@EC�\lst@EC�).

See the LaTeX manual or LaTeX Companion for explanation.
Type  H <return>  for immediate help.
 ...                                              
                                                  
l.444 ...��─────────────
                                                  
The document does not appear to be in UTF-8 encoding.
Try adding \UseRawInputEncoding as the first line of the file
or specify an encoding such as \usepackage [latin1]{inputenc}
in the document preamble.
Alternatively, save the file in UTF-8 using your editor or another tool


lab1_V2.py:444: LaTeX Error: Invalid UTF-8 byte sequence (�\lst@EC�\lst@EC�).

See the LaTeX manual or LaTeX Companion for explanation.
Type  H <return>  for immediate help.
 ...                                              
                                                  
l.444 ...��─────────────
                                                  
The document does not appear to be in UTF-8 encoding.
Try adding \UseRawInputEncoding as the first line of the file
or specify an encoding such as \usepackage [latin1]{inputenc}
in the document preamble.
Alternatively, save the file in UTF-8 using your editor or another tool


lab1_V2.py:444: LaTeX Error: Invalid UTF-8 byte sequence (�\lst@EC�\lst@EC�).

See the LaTeX manual or LaTeX Companion for explanation.
Type  H <return>  for immediate help.
 ...                                              
                                                  
l.444 ...��─────────────
                                                  
The document does not appear to be in UTF-8 encoding.
Try adding \UseRawInputEncoding as the first line of the file
or specify an encoding such as \usepackage [latin1]{inputenc}
in the document preamble.
Alternatively, save the file in UTF-8 using your editor or another tool


lab1_V2.py:444: LaTeX Error: Invalid UTF-8 byte sequence (�\lst@EC�\lst@EC�).

See the LaTeX manual or LaTeX Companion for explanation.
Type  H <return>  for immediate help.
 ...                                              
                                                  
l.444 ...��─────────────
                                                  
The document does not appear to be in UTF-8 encoding.
Try adding \UseRawInputEncoding as the first line of the file
or specify an encoding such as \usepackage [latin1]{inputenc}
in the document preamble.
Alternatively, save the file in UTF-8 using your editor or another tool


lab1_V2.py:444: LaTeX Error: Invalid UTF-8 byte sequence (�\lst@EC�\lst@EC�).

See the LaTeX manual or LaTeX Companion for explanation.
Type  H <return>  for immediate help.
 ...                                              
                                                  
l.444 ...��─────────────
                                                  
The document does not appear to be in UTF-8 encoding.
Try adding \UseRawInputEncoding as the first line of the file
or specify an encoding such as \usepackage [latin1]{inputenc}
in the document preamble.
Alternatively, save the file in UTF-8 using your editor or another tool


lab1_V2.py:444: LaTeX Error: Invalid UTF-8 byte sequence (�\lst@EC�\lst@EC�).

See the LaTeX manual or LaTeX Companion for explanation.
Type  H <return>  for immediate help.
 ...                                              
                                                  
l.444 ...��─────────────
                                                  
The document does not appear to be in UTF-8 encoding.
Try adding \UseRawInputEncoding as the first line of the file
or specify an encoding such as \usepackage [latin1]{inputenc}
in the document preamble.
Alternatively, save the file in UTF-8 using your editor or another tool


lab1_V2.py:444: LaTeX Error: Invalid UTF-8 byte sequence (�\lst@EC�\lst@EC�).

See the LaTeX manual or LaTeX Companion for explanation.
Type  H <return>  for immediate help.
 ...                                              
                                                  
l.444 ...��─────────────
                                                  
The document does not appear to be in UTF-8 encoding.
Try adding \UseRawInputEncoding as the first line of the file
or specify an encoding such as \usepackage [latin1]{inputenc}
in the document preamble.
Alternatively, save the file in UTF-8 using your editor or another tool


lab1_V2.py:444: LaTeX Error: Invalid UTF-8 byte sequence (�\lst@EC�\lst@EC�).

See the LaTeX manual or LaTeX Companion for explanation.
Type  H <return>  for immediate help.
 ...                                              
                                                  
l.444 ...��─────────────
                                                  
The document does not appear to be in UTF-8 encoding.
Try adding \UseRawInputEncoding as the first line of the file
or specify an encoding such as \usepackage [latin1]{inputenc}
in the document preamble.
Alternatively, save the file in UTF-8 using your editor or another tool


lab1_V2.py:444: LaTeX Error: Invalid UTF-8 byte sequence (�\lst@EC�\lst@EC�).

See the LaTeX manual or LaTeX Companion for explanation.
Type  H <return>  for immediate help.
 ...                                              
                                                  
l.444 ...��─────────────
                                                  
The document does not appear to be in UTF-8 encoding.
Try adding \UseRawInputEncoding as the first line of the file
or specify an encoding such as \usepackage [latin1]{inputenc}
in the document preamble.
Alternatively, save the file in UTF-8 using your editor or another tool


lab1_V2.py:444: LaTeX Error: Invalid UTF-8 byte sequence (�\lst@EC�\lst@EC�).

See the LaTeX manual or LaTeX Companion for explanation.
Type  H <return>  for immediate help.
 ...                                              
                                                  
l.444 ...��─────────────
                                                  
The document does not appear to be in UTF-8 encoding.
Try adding \UseRawInputEncoding as the first line of the file
or specify an encoding such as \usepackage [latin1]{inputenc}
in the document preamble.
Alternatively, save the file in UTF-8 using your editor or another tool


lab1_V2.py:444: LaTeX Error: Invalid UTF-8 byte sequence (�\lst@EC�\lst@EC�).

See the LaTeX manual or LaTeX Companion for explanation.
Type  H <return>  for immediate help.
 ...                                              
                                                  
l.444 ...��─────────────
                                                  
The document does not appear to be in UTF-8 encoding.
Try adding \UseRawInputEncoding as the first line of the file
or specify an encoding such as \usepackage [latin1]{inputenc}
in the document preamble.
Alternatively, save the file in UTF-8 using your editor or another tool


lab1_V2.py:444: LaTeX Error: Invalid UTF-8 byte sequence (�\lst@EC�\lst@EC�).

See the LaTeX manual or LaTeX Companion for explanation.
Type  H <return>  for immediate help.
 ...                                              
                                                  
l.444 ...��─────────────
                                                  
The document does not appear to be in UTF-8 encoding.
Try adding \UseRawInputEncoding as the first line of the file
or specify an encoding such as \usepackage [latin1]{inputenc}
in the document preamble.
Alternatively, save the file in UTF-8 using your editor or another tool


lab1_V2.py:444: LaTeX Error: Invalid UTF-8 byte sequence (�\lst@EC�\lst@EC�).

See the LaTeX manual or LaTeX Companion for explanation.
Type  H <return>  for immediate help.
 ...                                              
                                                  
l.444 ...��─────────────
                                                  
The document does not appear to be in UTF-8 encoding.
Try adding \UseRawInputEncoding as the first line of the file
or specify an encoding such as \usepackage [latin1]{inputenc}
in the document preamble.
Alternatively, save the file in UTF-8 using your editor or another tool


lab1_V2.py:444: LaTeX Error: Invalid UTF-8 byte sequence (�\lst@EC�\lst@EC�).

See the LaTeX manual or LaTeX Companion for explanation.
Type  H <return>  for immediate help.
 ...                                              
                                                  
l.444 ...��─────────────
                                                  
The document does not appear to be in UTF-8 encoding.
Try adding \UseRawInputEncoding as the first line of the file
or specify an encoding such as \usepackage [latin1]{inputenc}
in the document preamble.
Alternatively, save the file in UTF-8 using your editor or another tool


lab1_V2.py:444: LaTeX Error: Invalid UTF-8 byte sequence (�\lst@EC�\lst@EC�).

See the LaTeX manual or LaTeX Companion for explanation.
Type  H <return>  for immediate help.
 ...                                              
                                                  
l.444 ...��─────────────
                                                  
The document does not appear to be in UTF-8 encoding.
Try adding \UseRawInputEncoding as the first line of the file
or specify an encoding such as \usepackage [latin1]{inputenc}
in the document preamble.
Alternatively, save the file in UTF-8 using your editor or another tool


lab1_V2.py:444: LaTeX Error: Invalid UTF-8 byte sequence (�\lst@EC�\lst@EC�).

See the LaTeX manual or LaTeX Companion for explanation.
Type  H <return>  for immediate help.
 ...                                              
                                                  
l.444 ...��─────────────
                                                  
The document does not appear to be in UTF-8 encoding.
Try adding \UseRawInputEncoding as the first line of the file
or specify an encoding such as \usepackage [latin1]{inputenc}
in the document preamble.
Alternatively, save the file in UTF-8 using your editor or another tool


lab1_V2.py:444: LaTeX Error: Invalid UTF-8 byte sequence (�\lst@EC�\lst@EC�).

See the LaTeX manual or LaTeX Companion for explanation.
Type  H <return>  for immediate help.
 ...                                              
                                                  
l.444 ...��─────────────
                                                  
The document does not appear to be in UTF-8 encoding.
Try adding \UseRawInputEncoding as the first line of the file
or specify an encoding such as \usepackage [latin1]{inputenc}
in the document preamble.
Alternatively, save the file in UTF-8 using your editor or another tool


lab1_V2.py:444: LaTeX Error: Invalid UTF-8 byte sequence (�\lst@EC�\lst@EC�).

See the LaTeX manual or LaTeX Companion for explanation.
Type  H <return>  for immediate help.
 ...                                              
                                                  
l.444 ...��─────────────
                                                  
The document does not appear to be in UTF-8 encoding.
Try adding \UseRawInputEncoding as the first line of the file
or specify an encoding such as \usepackage [latin1]{inputenc}
in the document preamble.
Alternatively, save the file in UTF-8 using your editor or another tool


lab1_V2.py:444: LaTeX Error: Invalid UTF-8 byte sequence (�\lst@EC�\lst@EC�).

See the LaTeX manual or LaTeX Companion for explanation.
Type  H <return>  for immediate help.
 ...                                              
                                                  
l.444 ...��─────────────
                                                  
The document does not appear to be in UTF-8 encoding.
Try adding \UseRawInputEncoding as the first line of the file
or specify an encoding such as \usepackage [latin1]{inputenc}
in the document preamble.
Alternatively, save the file in UTF-8 using your editor or another tool


lab1_V2.py:444: LaTeX Error: Invalid UTF-8 byte sequence (�\lst@EC�\lst@EC�).

See the LaTeX manual or LaTeX Companion for explanation.
Type  H <return>  for immediate help.
 ...                                              
                                                  
l.444 ...��─────────────
                                                  
The document does not appear to be in UTF-8 encoding.
Try adding \UseRawInputEncoding as the first line of the file
or specify an encoding such as \usepackage [latin1]{inputenc}
in the document preamble.
Alternatively, save the file in UTF-8 using your editor or another tool


lab1_V2.py:444: LaTeX Error: Invalid UTF-8 byte sequence (�\lst@EC�\lst@EC�).

See the LaTeX manual or LaTeX Companion for explanation.
Type  H <return>  for immediate help.
 ...                                              
                                                  
l.444 ...��─────────────
                                                  
The document does not appear to be in UTF-8 encoding.
Try adding \UseRawInputEncoding as the first line of the file
or specify an encoding such as \usepackage [latin1]{inputenc}
in the document preamble.
Alternatively, save the file in UTF-8 using your editor or another tool


lab1_V2.py:444: LaTeX Error: Invalid UTF-8 byte sequence (�\lst@EC�\lst@EC�).

See the LaTeX manual or LaTeX Companion for explanation.
Type  H <return>  for immediate help.
 ...                                              
                                                  
l.444 ...��─────────────
                                                  
The document does not appear to be in UTF-8 encoding.
Try adding \UseRawInputEncoding as the first line of the file
or specify an encoding such as \usepackage [latin1]{inputenc}
in the document preamble.
Alternatively, save the file in UTF-8 using your editor or another tool


lab1_V2.py:444: LaTeX Error: Invalid UTF-8 byte sequence (�\lst@EC�\lst@EC�).

See the LaTeX manual or LaTeX Companion for explanation.
Type  H <return>  for immediate help.
 ...                                              
                                                  
l.444 ...��─────────────
                                                  
The document does not appear to be in UTF-8 encoding.
Try adding \UseRawInputEncoding as the first line of the file
or specify an encoding such as \usepackage [latin1]{inputenc}
in the document preamble.
Alternatively, save the file in UTF-8 using your editor or another tool


lab1_V2.py:444: LaTeX Error: Invalid UTF-8 byte sequence (�\lst@EC�\lst@EC�).

See the LaTeX manual or LaTeX Companion for explanation.
Type  H <return>  for immediate help.
 ...                                              
                                                  
l.444 ...��─────────────
                                                  
The document does not appear to be in UTF-8 encoding.
Try adding \UseRawInputEncoding as the first line of the file
or specify an encoding such as \usepackage [latin1]{inputenc}
in the document preamble.
Alternatively, save the file in UTF-8 using your editor or another tool


lab1_V2.py:444: LaTeX Error: Invalid UTF-8 byte sequence (�\lst@EC�\lst@EC�).

See the LaTeX manual or LaTeX Companion for explanation.
Type  H <return>  for immediate help.
 ...                                              
                                                  
l.444 ...��─────────────
                                                  
The document does not appear to be in UTF-8 encoding.
Try adding \UseRawInputEncoding as the first line of the file
or specify an encoding such as \usepackage [latin1]{inputenc}
in the document preamble.
Alternatively, save the file in UTF-8 using your editor or another tool


lab1_V2.py:444: LaTeX Error: Invalid UTF-8 byte sequence (�\lst@EC�\lst@EC�).

See the LaTeX manual or LaTeX Companion for explanation.
Type  H <return>  for immediate help.
 ...                                              
                                                  
l.444 ...��─────────────
                                                  
The document does not appear to be in UTF-8 encoding.
Try adding \UseRawInputEncoding as the first line of the file
or specify an encoding such as \usepackage [latin1]{inputenc}
in the document preamble.
Alternatively, save the file in UTF-8 using your editor or another tool


lab1_V2.py:444: LaTeX Error: Invalid UTF-8 byte sequence (�\lst@EC�\lst@EC�).

See the LaTeX manual or LaTeX Companion for explanation.
Type  H <return>  for immediate help.
 ...                                              
                                                  
l.444 ...��─────────────
                                                  
The document does not appear to be in UTF-8 encoding.
Try adding \UseRawInputEncoding as the first line of the file
or specify an encoding such as \usepackage [latin1]{inputenc}
in the document preamble.
Alternatively, save the file in UTF-8 using your editor or another tool


Overfull \hbox (350.31161pt too wide) in paragraph at lines 444--445
[][][][][][][][][][][][][][][][][][][][][][] 
 []


Overfull \hbox (2.30807pt too wide) in paragraph at lines 446--447
[][][][][][][][][][][][][][][][][][][][][][][][][][][][][][][] 
 []


lab1_V2.py:455: LaTeX Error: Invalid UTF-8 byte sequence (�\lst@FillFixed@\lst@EC�).

See the LaTeX manual or LaTeX Companion for explanation.
Type  H <return>  for immediate help.
 ...                                              
                                                  
l.455 print(f"  Estimacao para ENOB ≥ 
                                        {ENOB_alvo} bits  (yield ≥ {yield_...
The document does not appear to be in UTF-8 encoding.
Try adding \UseRawInputEncoding as the first line of the file
or specify an encoding such as \usepackage [latin1]{inputenc}
in the document preamble.
Alternatively, save the file in UTF-8 using your editor or another tool


lab1_V2.py:455: LaTeX Error: Invalid UTF-8 byte "A5.

See the LaTeX manual or LaTeX Companion for explanation.
Type  H <return>  for immediate help.
 ...                                              
                                                  
l.455 print(f"  Estimacao para ENOB ≥ 
                                        {ENOB_alvo} bits  (yield ≥ {yield_...
The document does not appear to be in UTF-8 encoding.
Try adding \UseRawInputEncoding as the first line of the file
or specify an encoding such as \usepackage [latin1]{inputenc}
in the document preamble.
Alternatively, save the file in UTF-8 using your editor or another tool


lab1_V2.py:455: LaTeX Error: Invalid UTF-8 byte sequence (�\lst@FillFixed@\lst@EC�).

See the LaTeX manual or LaTeX Companion for explanation.
Type  H <return>  for immediate help.
 ...                                              
                                                  
l.455 ...ra ENOB ≥ {ENOB_alvo} bits  (yield ≥ 
                                                  {yield_alvo*100:.0f} %)")
The document does not appear to be in UTF-8 encoding.
Try adding \UseRawInputEncoding as the first line of the file
or specify an encoding such as \usepackage [latin1]{inputenc}
in the document preamble.
Alternatively, save the file in UTF-8 using your editor or another tool


lab1_V2.py:455: LaTeX Error: Invalid UTF-8 byte "A5.

See the LaTeX manual or LaTeX Companion for explanation.
Type  H <return>  for immediate help.
 ...                                              
                                                  
l.455 ...ra ENOB ≥ {ENOB_alvo} bits  (yield ≥ 
                                                  {yield_alvo*100:.0f} %)")
The document does not appear to be in UTF-8 encoding.
Try adding \UseRawInputEncoding as the first line of the file
or specify an encoding such as \usepackage [latin1]{inputenc}
in the document preamble.
Alternatively, save the file in UTF-8 using your editor or another tool


Overfull \hbox (44.3085pt too wide) in paragraph at lines 455--456
[][][][][][][][][][][][][][][][][][][][][][][][][][][][][][][][][][][][][][] 
 []


lab1_V2.py:457: LaTeX Error: Invalid UTF-8 byte sequence (�\lst@FillFixed@).

See the LaTeX manual or LaTeX Companion for explanation.
Type  H <return>  for immediate help.
 ...                                              
                                                  
l.457 print(f"  σ_max 
                       (ΔC/C)  = {sigma_max:.5f}  ({sigma_max_pct:.4f} %)")
The document does not appear to be in UTF-8 encoding.
Try adding \UseRawInputEncoding as the first line of the file
or specify an encoding such as \usepackage [latin1]{inputenc}
in the document preamble.
Alternatively, save the file in UTF-8 using your editor or another tool


lab1_V2.py:457: LaTeX Error: Invalid UTF-8 byte "83.

See the LaTeX manual or LaTeX Companion for explanation.
Type  H <return>  for immediate help.
 ...                                              
                                                  
l.457 print(f"  σ_max 
                       (ΔC/C)  = {sigma_max:.5f}  ({sigma_max_pct:.4f} %)")
The document does not appear to be in UTF-8 encoding.
Try adding \UseRawInputEncoding as the first line of the file
or specify an encoding such as \usepackage [latin1]{inputenc}
in the document preamble.
Alternatively, save the file in UTF-8 using your editor or another tool


lab1_V2.py:457: LaTeX Error: Invalid UTF-8 byte sequence (�\lst@FillFixed@).

See the LaTeX manual or LaTeX Companion for explanation.
Type  H <return>  for immediate help.
 ...                                              
                                                  
l.457 print(f"  σ_max (ΔC/
                            C)  = {sigma_max:.5f}  ({sigma_max_pct:.4f} %)")
The document does not appear to be in UTF-8 encoding.
Try adding \UseRawInputEncoding as the first line of the file
or specify an encoding such as \usepackage [latin1]{inputenc}
in the document preamble.
Alternatively, save the file in UTF-8 using your editor or another tool


lab1_V2.py:457: LaTeX Error: Invalid UTF-8 byte "94.

See the LaTeX manual or LaTeX Companion for explanation.
Type  H <return>  for immediate help.
 ...                                              
                                                  
l.457 print(f"  σ_max (ΔC/
                            C)  = {sigma_max:.5f}  ({sigma_max_pct:.4f} %)")
The document does not appear to be in UTF-8 encoding.
Try adding \UseRawInputEncoding as the first line of the file
or specify an encoding such as \usepackage [latin1]{inputenc}
in the document preamble.
Alternatively, save the file in UTF-8 using your editor or another tool


lab1_V2.py:459: LaTeX Error: Invalid UTF-8 byte sequence (�\lst@FillFixed@\lst@EC�).

See the LaTeX manual or LaTeX Companion for explanation.
Type  H <return>  for immediate help.
 ...                                              
                                                  
l.459 # ── 
               3. area minima de Cu — modelo do paper (Fig. 4) ───�...
The document does not appear to be in UTF-8 encoding.
Try adding \UseRawInputEncoding as the first line of the file
or specify an encoding such as \usepackage [latin1]{inputenc}
in the document preamble.
Alternatively, save the file in UTF-8 using your editor or another tool


lab1_V2.py:459: LaTeX Error: Invalid UTF-8 byte "80.

See the LaTeX manual or LaTeX Companion for explanation.
Type  H <return>  for immediate help.
 ...                                              
                                                  
l.459 # ── 
               3. area minima de Cu — modelo do paper (Fig. 4) ───�...
The document does not appear to be in UTF-8 encoding.
Try adding \UseRawInputEncoding as the first line of the file
or specify an encoding such as \usepackage [latin1]{inputenc}
in the document preamble.
Alternatively, save the file in UTF-8 using your editor or another tool


lab1_V2.py:459: LaTeX Error: Invalid UTF-8 byte sequence (�\lst@EC�\lst@EC�).

See the LaTeX manual or LaTeX Companion for explanation.
Type  H <return>  for immediate help.
 ...                                              
                                                  
l.459 # ── 
               3. area minima de Cu — modelo do paper (Fig. 4) ───�...
The document does not appear to be in UTF-8 encoding.
Try adding \UseRawInputEncoding as the first line of the file
or specify an encoding such as \usepackage [latin1]{inputenc}
in the document preamble.
Alternatively, save the file in UTF-8 using your editor or another tool


lab1_V2.py:459: LaTeX Error: Invalid UTF-8 byte sequence (�\lst@FillFixed@\lst@EC�).

See the LaTeX manual or LaTeX Companion for explanation.
Type  H <return>  for immediate help.
 ...                                              
                                                  
l.459 # ── 3. area minima de Cu — 
                                        modelo do paper (Fig. 4) ───�...
The document does not appear to be in UTF-8 encoding.
Try adding \UseRawInputEncoding as the first line of the file
or specify an encoding such as \usepackage [latin1]{inputenc}
in the document preamble.
Alternatively, save the file in UTF-8 using your editor or another tool


lab1_V2.py:459: LaTeX Error: Invalid UTF-8 byte "94.

See the LaTeX manual or LaTeX Companion for explanation.
Type  H <return>  for immediate help.
 ...                                              
                                                  
l.459 # ── 3. area minima de Cu — 
                                        modelo do paper (Fig. 4) ───�...
The document does not appear to be in UTF-8 encoding.
Try adding \UseRawInputEncoding as the first line of the file
or specify an encoding such as \usepackage [latin1]{inputenc}
in the document preamble.
Alternatively, save the file in UTF-8 using your editor or another tool


lab1_V2.py:459: LaTeX Error: Invalid UTF-8 byte sequence (�\lst@FillFixed@\lst@EC�).

See the LaTeX manual or LaTeX Companion for explanation.
Type  H <return>  for immediate help.
 ...                                              
                                                  
l.459 ...��─────────────
                                                  
The document does not appear to be in UTF-8 encoding.
Try adding \UseRawInputEncoding as the first line of the file
or specify an encoding such as \usepackage [latin1]{inputenc}
in the document preamble.
Alternatively, save the file in UTF-8 using your editor or another tool


lab1_V2.py:459: LaTeX Error: Invalid UTF-8 byte "80.

See the LaTeX manual or LaTeX Companion for explanation.
Type  H <return>  for immediate help.
 ...                                              
                                                  
l.459 ...��─────────────
                                                  
The document does not appear to be in UTF-8 encoding.
Try adding \UseRawInputEncoding as the first line of the file
or specify an encoding such as \usepackage [latin1]{inputenc}
in the document preamble.
Alternatively, save the file in UTF-8 using your editor or another tool


lab1_V2.py:459: LaTeX Error: Invalid UTF-8 byte sequence (�\lst@EC�\lst@EC�).

See the LaTeX manual or LaTeX Companion for explanation.
Type  H <return>  for immediate help.
 ...                                              
                                                  
l.459 ...��─────────────
                                                  
The document does not appear to be in UTF-8 encoding.
Try adding \UseRawInputEncoding as the first line of the file
or specify an encoding such as \usepackage [latin1]{inputenc}
in the document preamble.
Alternatively, save the file in UTF-8 using your editor or another tool


lab1_V2.py:459: LaTeX Error: Invalid UTF-8 byte sequence (�\lst@EC�\lst@EC�).

See the LaTeX manual or LaTeX Companion for explanation.
Type  H <return>  for immediate help.
 ...                                              
                                                  
l.459 ...��─────────────
                                                  
The document does not appear to be in UTF-8 encoding.
Try adding \UseRawInputEncoding as the first line of the file
or specify an encoding such as \usepackage [latin1]{inputenc}
in the document preamble.
Alternatively, save the file in UTF-8 using your editor or another tool


lab1_V2.py:459: LaTeX Error: Invalid UTF-8 byte sequence (�\lst@EC�\lst@EC�).

See the LaTeX manual or LaTeX Companion for explanation.
Type  H <return>  for immediate help.
 ...                                              
                                                  
l.459 ...��─────────────
                                                  
The document does not appear to be in UTF-8 encoding.
Try adding \UseRawInputEncoding as the first line of the file
or specify an encoding such as \usepackage [latin1]{inputenc}
in the document preamble.
Alternatively, save the file in UTF-8 using your editor or another tool


lab1_V2.py:459: LaTeX Error: Invalid UTF-8 byte sequence (�\lst@EC�\lst@EC�).

See the LaTeX manual or LaTeX Companion for explanation.
Type  H <return>  for immediate help.
 ...                                              
                                                  
l.459 ...��─────────────
                                                  
The document does not appear to be in UTF-8 encoding.
Try adding \UseRawInputEncoding as the first line of the file
or specify an encoding such as \usepackage [latin1]{inputenc}
in the document preamble.
Alternatively, save the file in UTF-8 using your editor or another tool


lab1_V2.py:459: LaTeX Error: Invalid UTF-8 byte sequence (�\lst@EC�\lst@EC�).

See the LaTeX manual or LaTeX Companion for explanation.
Type  H <return>  for immediate help.
 ...                                              
                                                  
l.459 ...��─────────────
                                                  
The document does not appear to be in UTF-8 encoding.
Try adding \UseRawInputEncoding as the first line of the file
or specify an encoding such as \usepackage [latin1]{inputenc}
in the document preamble.
Alternatively, save the file in UTF-8 using your editor or another tool


lab1_V2.py:459: LaTeX Error: Invalid UTF-8 byte sequence (�\lst@EC�\lst@EC�).

See the LaTeX manual or LaTeX Companion for explanation.
Type  H <return>  for immediate help.
 ...                                              
                                                  
l.459 ...��─────────────
                                                  
The document does not appear to be in UTF-8 encoding.
Try adding \UseRawInputEncoding as the first line of the file
or specify an encoding such as \usepackage [latin1]{inputenc}
in the document preamble.
Alternatively, save the file in UTF-8 using your editor or another tool


lab1_V2.py:459: LaTeX Error: Invalid UTF-8 byte sequence (�\lst@EC�\lst@EC�).

See the LaTeX manual or LaTeX Companion for explanation.
Type  H <return>  for immediate help.
 ...                                              
                                                  
l.459 ...��─────────────
                                                  
The document does not appear to be in UTF-8 encoding.
Try adding \UseRawInputEncoding as the first line of the file
or specify an encoding such as \usepackage [latin1]{inputenc}
in the document preamble.
Alternatively, save the file in UTF-8 using your editor or another tool


lab1_V2.py:459: LaTeX Error: Invalid UTF-8 byte sequence (�\lst@EC�\lst@EC�).

See the LaTeX manual or LaTeX Companion for explanation.
Type  H <return>  for immediate help.
 ...                                              
                                                  
l.459 ...��─────────────
                                                  
The document does not appear to be in UTF-8 encoding.
Try adding \UseRawInputEncoding as the first line of the file
or specify an encoding such as \usepackage [latin1]{inputenc}
in the document preamble.
Alternatively, save the file in UTF-8 using your editor or another tool


lab1_V2.py:459: LaTeX Error: Invalid UTF-8 byte sequence (�\lst@EC�\lst@EC�).

See the LaTeX manual or LaTeX Companion for explanation.
Type  H <return>  for immediate help.
 ...                                              
                                                  
l.459 ...��─────────────
                                                  
The document does not appear to be in UTF-8 encoding.
Try adding \UseRawInputEncoding as the first line of the file
or specify an encoding such as \usepackage [latin1]{inputenc}
in the document preamble.
Alternatively, save the file in UTF-8 using your editor or another tool


lab1_V2.py:459: LaTeX Error: Invalid UTF-8 byte sequence (�\lst@EC�\lst@EC�).

See the LaTeX manual or LaTeX Companion for explanation.
Type  H <return>  for immediate help.
 ...                                              
                                                  
l.459 ...��─────────────
                                                  
The document does not appear to be in UTF-8 encoding.
Try adding \UseRawInputEncoding as the first line of the file
or specify an encoding such as \usepackage [latin1]{inputenc}
in the document preamble.
Alternatively, save the file in UTF-8 using your editor or another tool


lab1_V2.py:459: LaTeX Error: Invalid UTF-8 byte sequence (�\lst@EC�\lst@EC�).

See the LaTeX manual or LaTeX Companion for explanation.
Type  H <return>  for immediate help.
 ...                                              
                                                  
l.459 ...��─────────────
                                                  
The document does not appear to be in UTF-8 encoding.
Try adding \UseRawInputEncoding as the first line of the file
or specify an encoding such as \usepackage [latin1]{inputenc}
in the document preamble.
Alternatively, save the file in UTF-8 using your editor or another tool


lab1_V2.py:459: LaTeX Error: Invalid UTF-8 byte sequence (�\lst@EC�\lst@EC�).

See the LaTeX manual or LaTeX Companion for explanation.
Type  H <return>  for immediate help.
 ...                                              
                                                  
l.459 ...��─────────────
                                                  
The document does not appear to be in UTF-8 encoding.
Try adding \UseRawInputEncoding as the first line of the file
or specify an encoding such as \usepackage [latin1]{inputenc}
in the document preamble.
Alternatively, save the file in UTF-8 using your editor or another tool


lab1_V2.py:459: LaTeX Error: Invalid UTF-8 byte sequence (�\lst@EC�\lst@EC�).

See the LaTeX manual or LaTeX Companion for explanation.
Type  H <return>  for immediate help.
 ...                                              
                                                  
l.459 ...��─────────────
                                                  
The document does not appear to be in UTF-8 encoding.
Try adding \UseRawInputEncoding as the first line of the file
or specify an encoding such as \usepackage [latin1]{inputenc}
in the document preamble.
Alternatively, save the file in UTF-8 using your editor or another tool


lab1_V2.py:459: LaTeX Error: Invalid UTF-8 byte sequence (�\lst@EC�\lst@EC�).

See the LaTeX manual or LaTeX Companion for explanation.
Type  H <return>  for immediate help.
 ...                                              
                                                  
l.459 ...��─────────────
                                                  
The document does not appear to be in UTF-8 encoding.
Try adding \UseRawInputEncoding as the first line of the file
or specify an encoding such as \usepackage [latin1]{inputenc}
in the document preamble.
Alternatively, save the file in UTF-8 using your editor or another tool


lab1_V2.py:459: LaTeX Error: Invalid UTF-8 byte sequence (�\lst@EC�\lst@EC�).

See the LaTeX manual or LaTeX Companion for explanation.
Type  H <return>  for immediate help.
 ...                                              
                                                  
l.459 ...��─────────────
                                                  
The document does not appear to be in UTF-8 encoding.
Try adding \UseRawInputEncoding as the first line of the file
or specify an encoding such as \usepackage [latin1]{inputenc}
in the document preamble.
Alternatively, save the file in UTF-8 using your editor or another tool


lab1_V2.py:459: LaTeX Error: Invalid UTF-8 byte sequence (�\lst@EC�\lst@EC�).

See the LaTeX manual or LaTeX Companion for explanation.
Type  H <return>  for immediate help.
 ...                                              
                                                  
l.459 ...��─────────────
                                                  
The document does not appear to be in UTF-8 encoding.
Try adding \UseRawInputEncoding as the first line of the file
or specify an encoding such as \usepackage [latin1]{inputenc}
in the document preamble.
Alternatively, save the file in UTF-8 using your editor or another tool


lab1_V2.py:459: LaTeX Error: Invalid UTF-8 byte sequence (�\lst@EC�\lst@EC�).

See the LaTeX manual or LaTeX Companion for explanation.
Type  H <return>  for immediate help.
 ...                                              
                                                  
l.459 ...��─────────────
                                                  
The document does not appear to be in UTF-8 encoding.
Try adding \UseRawInputEncoding as the first line of the file
or specify an encoding such as \usepackage [latin1]{inputenc}
in the document preamble.
Alternatively, save the file in UTF-8 using your editor or another tool


lab1_V2.py:459: LaTeX Error: Invalid UTF-8 byte sequence (�\lst@EC�\lst@EC�).

See the LaTeX manual or LaTeX Companion for explanation.
Type  H <return>  for immediate help.
 ...                                              
                                                  
l.459 ...��─────────────
                                                  
The document does not appear to be in UTF-8 encoding.
Try adding \UseRawInputEncoding as the first line of the file
or specify an encoding such as \usepackage [latin1]{inputenc}
in the document preamble.
Alternatively, save the file in UTF-8 using your editor or another tool


lab1_V2.py:459: LaTeX Error: Invalid UTF-8 byte sequence (�\lst@EC�\lst@EC�).

See the LaTeX manual or LaTeX Companion for explanation.
Type  H <return>  for immediate help.
 ...                                              
                                                  
l.459 ...��─────────────
                                                  
The document does not appear to be in UTF-8 encoding.
Try adding \UseRawInputEncoding as the first line of the file
or specify an encoding such as \usepackage [latin1]{inputenc}
in the document preamble.
Alternatively, save the file in UTF-8 using your editor or another tool


lab1_V2.py:459: LaTeX Error: Invalid UTF-8 byte sequence (�\lst@EC�\lst@EC�).

See the LaTeX manual or LaTeX Companion for explanation.
Type  H <return>  for immediate help.
 ...                                              
                                                  
l.459 ...��─────────────
                                                  
The document does not appear to be in UTF-8 encoding.
Try adding \UseRawInputEncoding as the first line of the file
or specify an encoding such as \usepackage [latin1]{inputenc}
in the document preamble.
Alternatively, save the file in UTF-8 using your editor or another tool


lab1_V2.py:459: LaTeX Error: Invalid UTF-8 byte sequence (�\lst@EC�\lst@EC�).

See the LaTeX manual or LaTeX Companion for explanation.
Type  H <return>  for immediate help.
 ...                                              
                                                  
l.459 ...��─────────────
                                                  
The document does not appear to be in UTF-8 encoding.
Try adding \UseRawInputEncoding as the first line of the file
or specify an encoding such as \usepackage [latin1]{inputenc}
in the document preamble.
Alternatively, save the file in UTF-8 using your editor or another tool


lab1_V2.py:459: LaTeX Error: Invalid UTF-8 byte sequence (�\lst@EC�\lst@EC�).

See the LaTeX manual or LaTeX Companion for explanation.
Type  H <return>  for immediate help.
 ...                                              
                                                  
l.459 ...��─────────────
                                                  
The document does not appear to be in UTF-8 encoding.
Try adding \UseRawInputEncoding as the first line of the file
or specify an encoding such as \usepackage [latin1]{inputenc}
in the document preamble.
Alternatively, save the file in UTF-8 using your editor or another tool


lab1_V2.py:459: LaTeX Error: Invalid UTF-8 byte sequence (�\lst@EC�\lst@EC�).

See the LaTeX manual or LaTeX Companion for explanation.
Type  H <return>  for immediate help.
 ...                                              
                                                  
l.459 ...��─────────────
                                                  
The document does not appear to be in UTF-8 encoding.
Try adding \UseRawInputEncoding as the first line of the file
or specify an encoding such as \usepackage [latin1]{inputenc}
in the document preamble.
Alternatively, save the file in UTF-8 using your editor or another tool


lab1_V2.py:459: LaTeX Error: Invalid UTF-8 byte sequence (�\lst@EC�\lst@EC�).

See the LaTeX manual or LaTeX Companion for explanation.
Type  H <return>  for immediate help.
 ...                                              
                                                  
l.459 ...��─────────────
                                                  
The document does not appear to be in UTF-8 encoding.
Try adding \UseRawInputEncoding as the first line of the file
or specify an encoding such as \usepackage [latin1]{inputenc}
in the document preamble.
Alternatively, save the file in UTF-8 using your editor or another tool


Overfull \hbox (320.31131pt too wide) in paragraph at lines 459--460
[][][][][][][][][][][][][][][][][][][][][][][][][][][][][][][][] 
 []


lab1_V2.py:461: LaTeX Error: Invalid UTF-8 byte sequence (�\lst@FillFixed@).

See the LaTeX manual or LaTeX Companion for explanation.
Type  H <return>  for immediate help.
 ...                                              
                                                  
l.461 #   Recta da Fig. 4:   σ(
                                %) = 0.408 / sqrt(Area_um2) + 0.01
The document does not appear to be in UTF-8 encoding.
Try adding \UseRawInputEncoding as the first line of the file
or specify an encoding such as \usepackage [latin1]{inputenc}
in the document preamble.
Alternatively, save the file in UTF-8 using your editor or another tool


lab1_V2.py:461: LaTeX Error: Invalid UTF-8 byte "83.

See the LaTeX manual or LaTeX Companion for explanation.
Type  H <return>  for immediate help.
 ...                                              
                                                  
l.461 #   Recta da Fig. 4:   σ(
                                %) = 0.408 / sqrt(Area_um2) + 0.01
The document does not appear to be in UTF-8 encoding.
Try adding \UseRawInputEncoding as the first line of the file
or specify an encoding such as \usepackage [latin1]{inputenc}
in the document preamble.
Alternatively, save the file in UTF-8 using your editor or another tool


lab1_V2.py:469: LaTeX Error: Invalid UTF-8 byte sequence (�\lst@FillFixed@\lst@EC�).

See the LaTeX manual or LaTeX Companion for explanation.
Type  H <return>  for immediate help.
 ...                                              
                                                  
l.469 #   — 
              nesse caso usa-se o maior valor do eixo x da Fig. 4 (area ≈ ...
The document does not appear to be in UTF-8 encoding.
Try adding \UseRawInputEncoding as the first line of the file
or specify an encoding such as \usepackage [latin1]{inputenc}
in the document preamble.
Alternatively, save the file in UTF-8 using your editor or another tool


lab1_V2.py:469: LaTeX Error: Invalid UTF-8 byte "94.

See the LaTeX manual or LaTeX Companion for explanation.
Type  H <return>  for immediate help.
 ...                                              
                                                  
l.469 #   — 
              nesse caso usa-se o maior valor do eixo x da Fig. 4 (area ≈ ...
The document does not appear to be in UTF-8 encoding.
Try adding \UseRawInputEncoding as the first line of the file
or specify an encoding such as \usepackage [latin1]{inputenc}
in the document preamble.
Alternatively, save the file in UTF-8 using your editor or another tool


lab1_V2.py:469: LaTeX Error: Invalid UTF-8 byte sequence (�\lst@FillFixed@\lst@EC�).

See the LaTeX manual or LaTeX Companion for explanation.
Type  H <return>  for immediate help.
 ...                                              
                                                  
l.469 ...aior valor do eixo x da Fig. 4 (area ≈ 
                                                  16 um^2).
The document does not appear to be in UTF-8 encoding.
Try adding \UseRawInputEncoding as the first line of the file
or specify an encoding such as \usepackage [latin1]{inputenc}
in the document preamble.
Alternatively, save the file in UTF-8 using your editor or another tool


lab1_V2.py:469: LaTeX Error: Invalid UTF-8 byte "88.

See the LaTeX manual or LaTeX Companion for explanation.
Type  H <return>  for immediate help.
 ...                                              
                                                  
l.469 ...aior valor do eixo x da Fig. 4 (area ≈ 
                                                  16 um^2).
The document does not appear to be in UTF-8 encoding.
Try adding \UseRawInputEncoding as the first line of the file
or specify an encoding such as \usepackage [latin1]{inputenc}
in the document preamble.
Alternatively, save the file in UTF-8 using your editor or another tool


lab1_V2.py:479: LaTeX Error: Invalid UTF-8 byte sequence (�\lst@FillFixed@).

See the LaTeX manual or LaTeX Companion for explanation.
Type  H <return>  for immediate help.
 ...                                              
                                                  
l.479     print(f"  AVISO: σ_max 
                                  muito baixo; usando Area_Cu = 16 um^2 como...
The document does not appear to be in UTF-8 encoding.
Try adding \UseRawInputEncoding as the first line of the file
or specify an encoding such as \usepackage [latin1]{inputenc}
in the document preamble.
Alternatively, save the file in UTF-8 using your editor or another tool


lab1_V2.py:479: LaTeX Error: Invalid UTF-8 byte "83.

See the LaTeX manual or LaTeX Companion for explanation.
Type  H <return>  for immediate help.
 ...                                              
                                                  
l.479     print(f"  AVISO: σ_max 
                                  muito baixo; usando Area_Cu = 16 um^2 como...
The document does not appear to be in UTF-8 encoding.
Try adding \UseRawInputEncoding as the first line of the file
or specify an encoding such as \usepackage [latin1]{inputenc}
in the document preamble.
Alternatively, save the file in UTF-8 using your editor or another tool


Overfull \hbox (50.30856pt too wide) in paragraph at lines 479--481
[][][][][][][][][][][][][][][][][][][][][][][][][][][][][][][][][][][][][][][] 
 []


lab1_V2.py:484: LaTeX Error: Invalid UTF-8 byte sequence (�\lst@FillFixed@).

See the LaTeX manual or LaTeX Companion for explanation.
Type  H <return>  for immediate help.
 ...                                              
                                                  
l.484 print(f"\n  Modelo mismatch (Fig. 4):  σ(
                                                %) = {a_fit}/√Area + {b_fi...
The document does not appear to be in UTF-8 encoding.
Try adding \UseRawInputEncoding as the first line of the file
or specify an encoding such as \usepackage [latin1]{inputenc}
in the document preamble.
Alternatively, save the file in UTF-8 using your editor or another tool


lab1_V2.py:484: LaTeX Error: Invalid UTF-8 byte "83.

See the LaTeX manual or LaTeX Companion for explanation.
Type  H <return>  for immediate help.
 ...                                              
                                                  
l.484 print(f"\n  Modelo mismatch (Fig. 4):  σ(
                                                %) = {a_fit}/√Area + {b_fi...
The document does not appear to be in UTF-8 encoding.
Try adding \UseRawInputEncoding as the first line of the file
or specify an encoding such as \usepackage [latin1]{inputenc}
in the document preamble.
Alternatively, save the file in UTF-8 using your editor or another tool


lab1_V2.py:484: LaTeX Error: Invalid UTF-8 byte sequence (�\lst@FillFixed@\lst@EC�).

See the LaTeX manual or LaTeX Companion for explanation.
Type  H <return>  for immediate help.
 ...                                              
                                                  
l.484 ...match (Fig. 4):  σ(%) = {a_fit}/√Area 
                                                  + {b_fit}")
The document does not appear to be in UTF-8 encoding.
Try adding \UseRawInputEncoding as the first line of the file
or specify an encoding such as \usepackage [latin1]{inputenc}
in the document preamble.
Alternatively, save the file in UTF-8 using your editor or another tool


lab1_V2.py:484: LaTeX Error: Invalid UTF-8 byte "9A.

See the LaTeX manual or LaTeX Companion for explanation.
Type  H <return>  for immediate help.
 ...                                              
                                                  
l.484 ...match (Fig. 4):  σ(%) = {a_fit}/√Area 
                                                  + {b_fit}")
The document does not appear to be in UTF-8 encoding.
Try adding \UseRawInputEncoding as the first line of the file
or specify an encoding such as \usepackage [latin1]{inputenc}
in the document preamble.
Alternatively, save the file in UTF-8 using your editor or another tool


lab1_V2.py:485: LaTeX Error: Invalid UTF-8 byte sequence (�\lst@FillFixed@).

See the LaTeX manual or LaTeX Companion for explanation.
Type  H <return>  for immediate help.
 ...                                              
                                                  
l.485 ...{Area_Cu_um2:.2f} um^2  ({lado_Cu:.2f}×{
                                                  lado_Cu:.2f} um^2)")
The document does not appear to be in UTF-8 encoding.
Try adding \UseRawInputEncoding as the first line of the file
or specify an encoding such as \usepackage [latin1]{inputenc}
in the document preamble.
Alternatively, save the file in UTF-8 using your editor or another tool


lab1_V2.py:485: LaTeX Error: Invalid UTF-8 byte "97.

See the LaTeX manual or LaTeX Companion for explanation.
Type  H <return>  for immediate help.
 ...                                              
                                                  
l.485 ...{Area_Cu_um2:.2f} um^2  ({lado_Cu:.2f}×{
                                                  lado_Cu:.2f} um^2)")
The document does not appear to be in UTF-8 encoding.
Try adding \UseRawInputEncoding as the first line of the file
or specify an encoding such as \usepackage [latin1]{inputenc}
in the document preamble.
Alternatively, save the file in UTF-8 using your editor or another tool


Overfull \hbox (110.30917pt too wide) in paragraph at lines 485--487
[][][][][][][][][][][][][][][][][][][][][][][][][][][][][][][][][][][][][][][][][][][][][][][][][][][][][] 
 []

File: IMAGENS/logo_fct.png Graphic file (type png)
<use IMAGENS/logo_fct.png>
Package pdftex.def Info: IMAGENS/logo_fct.png  used on input line 487.
(pdftex.def)             Requested size: 120.08568pt x 28.45274pt.

Package fancyhdr Warning: \headheight is too small (12.0pt): 
(fancyhdr)                Make it at least 32.05278pt, for example:
(fancyhdr)                \setlength{\headheight}{32.05278pt}.
(fancyhdr)                You might also make \topmargin smaller:
(fancyhdr)                \addtolength{\topmargin}{-20.05278pt}.

[21]

lab1_V2.py:490: LaTeX Error: Invalid UTF-8 byte sequence (�\lst@FillFixed@).

See the LaTeX manual or LaTeX Companion for explanation.
Type  H <return>  for immediate help.
 ...                                              
                                                  
l.490 print(f"\n  [Referencia paper]  Cu = 4×4 
                                                um^2  →  σ = {sigma_paper...
The document does not appear to be in UTF-8 encoding.
Try adding \UseRawInputEncoding as the first line of the file
or specify an encoding such as \usepackage [latin1]{inputenc}
in the document preamble.
Alternatively, save the file in UTF-8 using your editor or another tool


lab1_V2.py:490: LaTeX Error: Invalid UTF-8 byte "97.

See the LaTeX manual or LaTeX Companion for explanation.
Type  H <return>  for immediate help.
 ...                                              
                                                  
l.490 print(f"\n  [Referencia paper]  Cu = 4×4 
                                                um^2  →  σ = {sigma_paper...
The document does not appear to be in UTF-8 encoding.
Try adding \UseRawInputEncoding as the first line of the file
or specify an encoding such as \usepackage [latin1]{inputenc}
in the document preamble.
Alternatively, save the file in UTF-8 using your editor or another tool


lab1_V2.py:490: LaTeX Error: Invalid UTF-8 byte sequence (�\lst@FillFixed@\lst@EC�).

See the LaTeX manual or LaTeX Companion for explanation.
Type  H <return>  for immediate help.
 ...                                              
                                                  
l.490 ... [Referencia paper]  Cu = 4×4 um^2  → 
                                                   σ = {sigma_paper:.3f} %")
The document does not appear to be in UTF-8 encoding.
Try adding \UseRawInputEncoding as the first line of the file
or specify an encoding such as \usepackage [latin1]{inputenc}
in the document preamble.
Alternatively, save the file in UTF-8 using your editor or another tool


lab1_V2.py:490: LaTeX Error: Invalid UTF-8 byte "92.

See the LaTeX manual or LaTeX Companion for explanation.
Type  H <return>  for immediate help.
 ...                                              
                                                  
l.490 ... [Referencia paper]  Cu = 4×4 um^2  → 
                                                   σ = {sigma_paper:.3f} %")
The document does not appear to be in UTF-8 encoding.
Try adding \UseRawInputEncoding as the first line of the file
or specify an encoding such as \usepackage [latin1]{inputenc}
in the document preamble.
Alternatively, save the file in UTF-8 using your editor or another tool


lab1_V2.py:490: LaTeX Error: Invalid UTF-8 byte sequence (�\lst@FillFixed@).

See the LaTeX manual or LaTeX Companion for explanation.
Type  H <return>  for immediate help.
 ...                                              
                                                  
l.490 ...ferencia paper]  Cu = 4×4 um^2  →  σ 
                                                  = {sigma_paper:.3f} %")
The document does not appear to be in UTF-8 encoding.
Try adding \UseRawInputEncoding as the first line of the file
or specify an encoding such as \usepackage [latin1]{inputenc}
in the document preamble.
Alternatively, save the file in UTF-8 using your editor or another tool


lab1_V2.py:490: LaTeX Error: Invalid UTF-8 byte "83.

See the LaTeX manual or LaTeX Companion for explanation.
Type  H <return>  for immediate help.
 ...                                              
                                                  
l.490 ...ferencia paper]  Cu = 4×4 um^2  →  σ 
                                                  = {sigma_paper:.3f} %")
The document does not appear to be in UTF-8 encoding.
Try adding \UseRawInputEncoding as the first line of the file
or specify an encoding such as \usepackage [latin1]{inputenc}
in the document preamble.
Alternatively, save the file in UTF-8 using your editor or another tool


lab1_V2.py:492: LaTeX Error: Invalid UTF-8 byte sequence (�\lst@FillFixed@\lst@EC�).

See the LaTeX manual or LaTeX Companion for explanation.
Type  H <return>  for immediate help.
 ...                                              
                                                  
l.492 # ── 
               4. Capacidade de Cu e total do DAC ────────�...
The document does not appear to be in UTF-8 encoding.
Try adding \UseRawInputEncoding as the first line of the file
or specify an encoding such as \usepackage [latin1]{inputenc}
in the document preamble.
Alternatively, save the file in UTF-8 using your editor or another tool


lab1_V2.py:492: LaTeX Error: Invalid UTF-8 byte "80.

See the LaTeX manual or LaTeX Companion for explanation.
Type  H <return>  for immediate help.
 ...                                              
                                                  
l.492 # ── 
               4. Capacidade de Cu e total do DAC ────────�...
The document does not appear to be in UTF-8 encoding.
Try adding \UseRawInputEncoding as the first line of the file
or specify an encoding such as \usepackage [latin1]{inputenc}
in the document preamble.
Alternatively, save the file in UTF-8 using your editor or another tool


lab1_V2.py:492: LaTeX Error: Invalid UTF-8 byte sequence (�\lst@EC�\lst@EC�).

See the LaTeX manual or LaTeX Companion for explanation.
Type  H <return>  for immediate help.
 ...                                              
                                                  
l.492 # ── 
               4. Capacidade de Cu e total do DAC ────────�...
The document does not appear to be in UTF-8 encoding.
Try adding \UseRawInputEncoding as the first line of the file
or specify an encoding such as \usepackage [latin1]{inputenc}
in the document preamble.
Alternatively, save the file in UTF-8 using your editor or another tool


lab1_V2.py:492: LaTeX Error: Invalid UTF-8 byte sequence (�\lst@FillFixed@\lst@EC�).

See the LaTeX manual or LaTeX Companion for explanation.
Type  H <return>  for immediate help.
 ...                                              
                                                  
l.492 ...��─────────────
                                                  
The document does not appear to be in UTF-8 encoding.
Try adding \UseRawInputEncoding as the first line of the file
or specify an encoding such as \usepackage [latin1]{inputenc}
in the document preamble.
Alternatively, save the file in UTF-8 using your editor or another tool


lab1_V2.py:492: LaTeX Error: Invalid UTF-8 byte "80.

See the LaTeX manual or LaTeX Companion for explanation.
Type  H <return>  for immediate help.
 ...                                              
                                                  
l.492 ...��─────────────
                                                  
The document does not appear to be in UTF-8 encoding.
Try adding \UseRawInputEncoding as the first line of the file
or specify an encoding such as \usepackage [latin1]{inputenc}
in the document preamble.
Alternatively, save the file in UTF-8 using your editor or another tool


lab1_V2.py:492: LaTeX Error: Invalid UTF-8 byte sequence (�\lst@EC�\lst@EC�).

See the LaTeX manual or LaTeX Companion for explanation.
Type  H <return>  for immediate help.
 ...                                              
                                                  
l.492 ...��─────────────
                                                  
The document does not appear to be in UTF-8 encoding.
Try adding \UseRawInputEncoding as the first line of the file
or specify an encoding such as \usepackage [latin1]{inputenc}
in the document preamble.
Alternatively, save the file in UTF-8 using your editor or another tool


lab1_V2.py:492: LaTeX Error: Invalid UTF-8 byte sequence (�\lst@EC�\lst@EC�).

See the LaTeX manual or LaTeX Companion for explanation.
Type  H <return>  for immediate help.
 ...                                              
                                                  
l.492 ...��─────────────
                                                  
The document does not appear to be in UTF-8 encoding.
Try adding \UseRawInputEncoding as the first line of the file
or specify an encoding such as \usepackage [latin1]{inputenc}
in the document preamble.
Alternatively, save the file in UTF-8 using your editor or another tool


lab1_V2.py:492: LaTeX Error: Invalid UTF-8 byte sequence (�\lst@EC�\lst@EC�).

See the LaTeX manual or LaTeX Companion for explanation.
Type  H <return>  for immediate help.
 ...                                              
                                                  
l.492 ...��─────────────
                                                  
The document does not appear to be in UTF-8 encoding.
Try adding \UseRawInputEncoding as the first line of the file
or specify an encoding such as \usepackage [latin1]{inputenc}
in the document preamble.
Alternatively, save the file in UTF-8 using your editor or another tool


lab1_V2.py:492: LaTeX Error: Invalid UTF-8 byte sequence (�\lst@EC�\lst@EC�).

See the LaTeX manual or LaTeX Companion for explanation.
Type  H <return>  for immediate help.
 ...                                              
                                                  
l.492 ...��─────────────
                                                  
The document does not appear to be in UTF-8 encoding.
Try adding \UseRawInputEncoding as the first line of the file
or specify an encoding such as \usepackage [latin1]{inputenc}
in the document preamble.
Alternatively, save the file in UTF-8 using your editor or another tool


lab1_V2.py:492: LaTeX Error: Invalid UTF-8 byte sequence (�\lst@EC�\lst@EC�).

See the LaTeX manual or LaTeX Companion for explanation.
Type  H <return>  for immediate help.
 ...                                              
                                                  
l.492 ...��─────────────
                                                  
The document does not appear to be in UTF-8 encoding.
Try adding \UseRawInputEncoding as the first line of the file
or specify an encoding such as \usepackage [latin1]{inputenc}
in the document preamble.
Alternatively, save the file in UTF-8 using your editor or another tool


lab1_V2.py:492: LaTeX Error: Invalid UTF-8 byte sequence (�\lst@EC�\lst@EC�).

See the LaTeX manual or LaTeX Companion for explanation.
Type  H <return>  for immediate help.
 ...                                              
                                                  
l.492 ...��─────────────
                                                  
The document does not appear to be in UTF-8 encoding.
Try adding \UseRawInputEncoding as the first line of the file
or specify an encoding such as \usepackage [latin1]{inputenc}
in the document preamble.
Alternatively, save the file in UTF-8 using your editor or another tool


lab1_V2.py:492: LaTeX Error: Invalid UTF-8 byte sequence (�\lst@EC�\lst@EC�).

See the LaTeX manual or LaTeX Companion for explanation.
Type  H <return>  for immediate help.
 ...                                              
                                                  
l.492 ...��─────────────
                                                  
The document does not appear to be in UTF-8 encoding.
Try adding \UseRawInputEncoding as the first line of the file
or specify an encoding such as \usepackage [latin1]{inputenc}
in the document preamble.
Alternatively, save the file in UTF-8 using your editor or another tool


lab1_V2.py:492: LaTeX Error: Invalid UTF-8 byte sequence (�\lst@EC�\lst@EC�).

See the LaTeX manual or LaTeX Companion for explanation.
Type  H <return>  for immediate help.
 ...                                              
                                                  
l.492 ...��─────────────
                                                  
The document does not appear to be in UTF-8 encoding.
Try adding \UseRawInputEncoding as the first line of the file
or specify an encoding such as \usepackage [latin1]{inputenc}
in the document preamble.
Alternatively, save the file in UTF-8 using your editor or another tool


lab1_V2.py:492: LaTeX Error: Invalid UTF-8 byte sequence (�\lst@EC�\lst@EC�).

See the LaTeX manual or LaTeX Companion for explanation.
Type  H <return>  for immediate help.
 ...                                              
                                                  
l.492 ...��─────────────
                                                  
The document does not appear to be in UTF-8 encoding.
Try adding \UseRawInputEncoding as the first line of the file
or specify an encoding such as \usepackage [latin1]{inputenc}
in the document preamble.
Alternatively, save the file in UTF-8 using your editor or another tool


lab1_V2.py:492: LaTeX Error: Invalid UTF-8 byte sequence (�\lst@EC�\lst@EC�).

See the LaTeX manual or LaTeX Companion for explanation.
Type  H <return>  for immediate help.
 ...                                              
                                                  
l.492 ...��─────────────
                                                  
The document does not appear to be in UTF-8 encoding.
Try adding \UseRawInputEncoding as the first line of the file
or specify an encoding such as \usepackage [latin1]{inputenc}
in the document preamble.
Alternatively, save the file in UTF-8 using your editor or another tool


lab1_V2.py:492: LaTeX Error: Invalid UTF-8 byte sequence (�\lst@EC�\lst@EC�).

See the LaTeX manual or LaTeX Companion for explanation.
Type  H <return>  for immediate help.
 ...                                              
                                                  
l.492 ...��─────────────
                                                  
The document does not appear to be in UTF-8 encoding.
Try adding \UseRawInputEncoding as the first line of the file
or specify an encoding such as \usepackage [latin1]{inputenc}
in the document preamble.
Alternatively, save the file in UTF-8 using your editor or another tool


lab1_V2.py:492: LaTeX Error: Invalid UTF-8 byte sequence (�\lst@EC�\lst@EC�).

See the LaTeX manual or LaTeX Companion for explanation.
Type  H <return>  for immediate help.
 ...                                              
                                                  
l.492 ...��─────────────
                                                  
The document does not appear to be in UTF-8 encoding.
Try adding \UseRawInputEncoding as the first line of the file
or specify an encoding such as \usepackage [latin1]{inputenc}
in the document preamble.
Alternatively, save the file in UTF-8 using your editor or another tool


lab1_V2.py:492: LaTeX Error: Invalid UTF-8 byte sequence (�\lst@EC�\lst@EC�).

See the LaTeX manual or LaTeX Companion for explanation.
Type  H <return>  for immediate help.
 ...                                              
                                                  
l.492 ...��─────────────
                                                  
The document does not appear to be in UTF-8 encoding.
Try adding \UseRawInputEncoding as the first line of the file
or specify an encoding such as \usepackage [latin1]{inputenc}
in the document preamble.
Alternatively, save the file in UTF-8 using your editor or another tool


lab1_V2.py:492: LaTeX Error: Invalid UTF-8 byte sequence (�\lst@EC�\lst@EC�).

See the LaTeX manual or LaTeX Companion for explanation.
Type  H <return>  for immediate help.
 ...                                              
                                                  
l.492 ...��─────────────
                                                  
The document does not appear to be in UTF-8 encoding.
Try adding \UseRawInputEncoding as the first line of the file
or specify an encoding such as \usepackage [latin1]{inputenc}
in the document preamble.
Alternatively, save the file in UTF-8 using your editor or another tool


lab1_V2.py:492: LaTeX Error: Invalid UTF-8 byte sequence (�\lst@EC�\lst@EC�).

See the LaTeX manual or LaTeX Companion for explanation.
Type  H <return>  for immediate help.
 ...                                              
                                                  
l.492 ...��─────────────
                                                  
The document does not appear to be in UTF-8 encoding.
Try adding \UseRawInputEncoding as the first line of the file
or specify an encoding such as \usepackage [latin1]{inputenc}
in the document preamble.
Alternatively, save the file in UTF-8 using your editor or another tool


lab1_V2.py:492: LaTeX Error: Invalid UTF-8 byte sequence (�\lst@EC�\lst@EC�).

See the LaTeX manual or LaTeX Companion for explanation.
Type  H <return>  for immediate help.
 ...                                              
                                                  
l.492 ...��─────────────
                                                  
The document does not appear to be in UTF-8 encoding.
Try adding \UseRawInputEncoding as the first line of the file
or specify an encoding such as \usepackage [latin1]{inputenc}
in the document preamble.
Alternatively, save the file in UTF-8 using your editor or another tool


lab1_V2.py:492: LaTeX Error: Invalid UTF-8 byte sequence (�\lst@EC�\lst@EC�).

See the LaTeX manual or LaTeX Companion for explanation.
Type  H <return>  for immediate help.
 ...                                              
                                                  
l.492 ...��─────────────
                                                  
The document does not appear to be in UTF-8 encoding.
Try adding \UseRawInputEncoding as the first line of the file
or specify an encoding such as \usepackage [latin1]{inputenc}
in the document preamble.
Alternatively, save the file in UTF-8 using your editor or another tool


lab1_V2.py:492: LaTeX Error: Invalid UTF-8 byte sequence (�\lst@EC�\lst@EC�).

See the LaTeX manual or LaTeX Companion for explanation.
Type  H <return>  for immediate help.
 ...                                              
                                                  
l.492 ...��─────────────
                                                  
The document does not appear to be in UTF-8 encoding.
Try adding \UseRawInputEncoding as the first line of the file
or specify an encoding such as \usepackage [latin1]{inputenc}
in the document preamble.
Alternatively, save the file in UTF-8 using your editor or another tool


lab1_V2.py:492: LaTeX Error: Invalid UTF-8 byte sequence (�\lst@EC�\lst@EC�).

See the LaTeX manual or LaTeX Companion for explanation.
Type  H <return>  for immediate help.
 ...                                              
                                                  
l.492 ...��─────────────
                                                  
The document does not appear to be in UTF-8 encoding.
Try adding \UseRawInputEncoding as the first line of the file
or specify an encoding such as \usepackage [latin1]{inputenc}
in the document preamble.
Alternatively, save the file in UTF-8 using your editor or another tool


lab1_V2.py:492: LaTeX Error: Invalid UTF-8 byte sequence (�\lst@EC�\lst@EC�).

See the LaTeX manual or LaTeX Companion for explanation.
Type  H <return>  for immediate help.
 ...                                              
                                                  
l.492 ...��─────────────
                                                  
The document does not appear to be in UTF-8 encoding.
Try adding \UseRawInputEncoding as the first line of the file
or specify an encoding such as \usepackage [latin1]{inputenc}
in the document preamble.
Alternatively, save the file in UTF-8 using your editor or another tool


lab1_V2.py:492: LaTeX Error: Invalid UTF-8 byte sequence (�\lst@EC�\lst@EC�).

See the LaTeX manual or LaTeX Companion for explanation.
Type  H <return>  for immediate help.
 ...                                              
                                                  
l.492 ...��─────────────
                                                  
The document does not appear to be in UTF-8 encoding.
Try adding \UseRawInputEncoding as the first line of the file
or specify an encoding such as \usepackage [latin1]{inputenc}
in the document preamble.
Alternatively, save the file in UTF-8 using your editor or another tool


lab1_V2.py:492: LaTeX Error: Invalid UTF-8 byte sequence (�\lst@EC�\lst@EC�).

See the LaTeX manual or LaTeX Companion for explanation.
Type  H <return>  for immediate help.
 ...                                              
                                                  
l.492 ...��─────────────
                                                  
The document does not appear to be in UTF-8 encoding.
Try adding \UseRawInputEncoding as the first line of the file
or specify an encoding such as \usepackage [latin1]{inputenc}
in the document preamble.
Alternatively, save the file in UTF-8 using your editor or another tool


lab1_V2.py:492: LaTeX Error: Invalid UTF-8 byte sequence (�\lst@EC�\lst@EC�).

See the LaTeX manual or LaTeX Companion for explanation.
Type  H <return>  for immediate help.
 ...                                              
                                                  
l.492 ...��─────────────
                                                  
The document does not appear to be in UTF-8 encoding.
Try adding \UseRawInputEncoding as the first line of the file
or specify an encoding such as \usepackage [latin1]{inputenc}
in the document preamble.
Alternatively, save the file in UTF-8 using your editor or another tool


lab1_V2.py:492: LaTeX Error: Invalid UTF-8 byte sequence (�\lst@EC�\lst@EC�).

See the LaTeX manual or LaTeX Companion for explanation.
Type  H <return>  for immediate help.
 ...                                              
                                                  
l.492 ...��─────────────
                                                  
The document does not appear to be in UTF-8 encoding.
Try adding \UseRawInputEncoding as the first line of the file
or specify an encoding such as \usepackage [latin1]{inputenc}
in the document preamble.
Alternatively, save the file in UTF-8 using your editor or another tool


lab1_V2.py:492: LaTeX Error: Invalid UTF-8 byte sequence (�\lst@EC�\lst@EC�).

See the LaTeX manual or LaTeX Companion for explanation.
Type  H <return>  for immediate help.
 ...                                              
                                                  
l.492 ...��─────────────
                                                  
The document does not appear to be in UTF-8 encoding.
Try adding \UseRawInputEncoding as the first line of the file
or specify an encoding such as \usepackage [latin1]{inputenc}
in the document preamble.
Alternatively, save the file in UTF-8 using your editor or another tool


lab1_V2.py:492: LaTeX Error: Invalid UTF-8 byte sequence (�\lst@EC�\lst@EC�).

See the LaTeX manual or LaTeX Companion for explanation.
Type  H <return>  for immediate help.
 ...                                              
                                                  
l.492 ...��─────────────
                                                  
The document does not appear to be in UTF-8 encoding.
Try adding \UseRawInputEncoding as the first line of the file
or specify an encoding such as \usepackage [latin1]{inputenc}
in the document preamble.
Alternatively, save the file in UTF-8 using your editor or another tool


lab1_V2.py:492: LaTeX Error: Invalid UTF-8 byte sequence (�\lst@EC�\lst@EC�).

See the LaTeX manual or LaTeX Companion for explanation.
Type  H <return>  for immediate help.
 ...                                              
                                                  
l.492 ...��─────────────
                                                  
The document does not appear to be in UTF-8 encoding.
Try adding \UseRawInputEncoding as the first line of the file
or specify an encoding such as \usepackage [latin1]{inputenc}
in the document preamble.
Alternatively, save the file in UTF-8 using your editor or another tool


lab1_V2.py:492: LaTeX Error: Invalid UTF-8 byte sequence (�\lst@EC�\lst@EC�).

See the LaTeX manual or LaTeX Companion for explanation.
Type  H <return>  for immediate help.
 ...                                              
                                                  
l.492 ...��─────────────
                                                  
The document does not appear to be in UTF-8 encoding.
Try adding \UseRawInputEncoding as the first line of the file
or specify an encoding such as \usepackage [latin1]{inputenc}
in the document preamble.
Alternatively, save the file in UTF-8 using your editor or another tool


lab1_V2.py:492: LaTeX Error: Invalid UTF-8 byte sequence (�\lst@EC�\lst@EC�).

See the LaTeX manual or LaTeX Companion for explanation.
Type  H <return>  for immediate help.
 ...                                              
                                                  
l.492 ...��─────────────
                                                  
The document does not appear to be in UTF-8 encoding.
Try adding \UseRawInputEncoding as the first line of the file
or specify an encoding such as \usepackage [latin1]{inputenc}
in the document preamble.
Alternatively, save the file in UTF-8 using your editor or another tool


lab1_V2.py:492: LaTeX Error: Invalid UTF-8 byte sequence (�\lst@EC�\lst@EC�).

See the LaTeX manual or LaTeX Companion for explanation.
Type  H <return>  for immediate help.
 ...                                              
                                                  
l.492 ...��─────────────
                                                  
The document does not appear to be in UTF-8 encoding.
Try adding \UseRawInputEncoding as the first line of the file
or specify an encoding such as \usepackage [latin1]{inputenc}
in the document preamble.
Alternatively, save the file in UTF-8 using your editor or another tool


lab1_V2.py:492: LaTeX Error: Invalid UTF-8 byte sequence (�\lst@EC�\lst@EC�).

See the LaTeX manual or LaTeX Companion for explanation.
Type  H <return>  for immediate help.
 ...                                              
                                                  
l.492 ...��─────────────
                                                  
The document does not appear to be in UTF-8 encoding.
Try adding \UseRawInputEncoding as the first line of the file
or specify an encoding such as \usepackage [latin1]{inputenc}
in the document preamble.
Alternatively, save the file in UTF-8 using your editor or another tool


lab1_V2.py:492: LaTeX Error: Invalid UTF-8 byte sequence (�\lst@EC�\lst@EC�).

See the LaTeX manual or LaTeX Companion for explanation.
Type  H <return>  for immediate help.
 ...                                              
                                                  
l.492 ...��─────────────
                                                  
The document does not appear to be in UTF-8 encoding.
Try adding \UseRawInputEncoding as the first line of the file
or specify an encoding such as \usepackage [latin1]{inputenc}
in the document preamble.
Alternatively, save the file in UTF-8 using your editor or another tool


lab1_V2.py:492: LaTeX Error: Invalid UTF-8 byte sequence (�\lst@EC�\lst@EC�).

See the LaTeX manual or LaTeX Companion for explanation.
Type  H <return>  for immediate help.
 ...                                              
                                                  
l.492 ...��─────────────
                                                  
The document does not appear to be in UTF-8 encoding.
Try adding \UseRawInputEncoding as the first line of the file
or specify an encoding such as \usepackage [latin1]{inputenc}
in the document preamble.
Alternatively, save the file in UTF-8 using your editor or another tool


lab1_V2.py:492: LaTeX Error: Invalid UTF-8 byte sequence (�\lst@EC�\lst@EC�).

See the LaTeX manual or LaTeX Companion for explanation.
Type  H <return>  for immediate help.
 ...                                              
                                                  
l.492 ...��─────────────
                                                  
The document does not appear to be in UTF-8 encoding.
Try adding \UseRawInputEncoding as the first line of the file
or specify an encoding such as \usepackage [latin1]{inputenc}
in the document preamble.
Alternatively, save the file in UTF-8 using your editor or another tool


lab1_V2.py:492: LaTeX Error: Invalid UTF-8 byte sequence (�\lst@EC�\lst@EC�).

See the LaTeX manual or LaTeX Companion for explanation.
Type  H <return>  for immediate help.
 ...                                              
                                                  
l.492 ...��─────────────
                                                  
The document does not appear to be in UTF-8 encoding.
Try adding \UseRawInputEncoding as the first line of the file
or specify an encoding such as \usepackage [latin1]{inputenc}
in the document preamble.
Alternatively, save the file in UTF-8 using your editor or another tool


lab1_V2.py:492: LaTeX Error: Invalid UTF-8 byte sequence (�\lst@EC�\lst@EC�).

See the LaTeX manual or LaTeX Companion for explanation.
Type  H <return>  for immediate help.
 ...                                              
                                                  
l.492 ...��─────────────
                                                  
The document does not appear to be in UTF-8 encoding.
Try adding \UseRawInputEncoding as the first line of the file
or specify an encoding such as \usepackage [latin1]{inputenc}
in the document preamble.
Alternatively, save the file in UTF-8 using your editor or another tool


lab1_V2.py:492: LaTeX Error: Invalid UTF-8 byte sequence (�\lst@EC�\lst@EC�).

See the LaTeX manual or LaTeX Companion for explanation.
Type  H <return>  for immediate help.
 ...                                              
                                                  
l.492 ...��─────────────
                                                  
The document does not appear to be in UTF-8 encoding.
Try adding \UseRawInputEncoding as the first line of the file
or specify an encoding such as \usepackage [latin1]{inputenc}
in the document preamble.
Alternatively, save the file in UTF-8 using your editor or another tool


Overfull \hbox (464.31277pt too wide) in paragraph at lines 492--493
[][][][][][][][][][][][][][][][][][][][][][][][] 
 []


lab1_V2.py:503: LaTeX Error: Invalid UTF-8 byte sequence (�\expandafter).

See the LaTeX manual or LaTeX Companion for explanation.
Type  H <return>  for immediate help.
 ...                                              
                                                  
l.503 # Número 
                total de unidades Cu numa array single-ended (da Tabela 1 do...
The document does not appear to be in UTF-8 encoding.
Try adding \UseRawInputEncoding as the first line of the file
or specify an encoding such as \usepackage [latin1]{inputenc}
in the document preamble.
Alternatively, save the file in UTF-8 using your editor or another tool


lab1_V2.py:503: LaTeX Error: Invalid UTF-8 byte "BA.

See the LaTeX manual or LaTeX Companion for explanation.
Type  H <return>  for immediate help.
 ...                                              
                                                  
l.503 # Número 
                total de unidades Cu numa array single-ended (da Tabela 1 do...
The document does not appear to be in UTF-8 encoding.
Try adding \UseRawInputEncoding as the first line of the file
or specify an encoding such as \usepackage [latin1]{inputenc}
in the document preamble.
Alternatively, save the file in UTF-8 using your editor or another tool


lab1_V2.py:505: LaTeX Error: Invalid UTF-8 byte sequence (�\lst@FillFixed@\lst@EC�).

See the LaTeX manual or LaTeX Companion for explanation.
Type  H <return>  for immediate help.
 ...                                              
                                                  
l.505 #   C6 (bridge):  ≈ 
                            2 Cu  (CB = 2Cu conforme paper)
The document does not appear to be in UTF-8 encoding.
Try adding \UseRawInputEncoding as the first line of the file
or specify an encoding such as \usepackage [latin1]{inputenc}
in the document preamble.
Alternatively, save the file in UTF-8 using your editor or another tool


lab1_V2.py:505: LaTeX Error: Invalid UTF-8 byte "88.

See the LaTeX manual or LaTeX Companion for explanation.
Type  H <return>  for immediate help.
 ...                                              
                                                  
l.505 #   C6 (bridge):  ≈ 
                            2 Cu  (CB = 2Cu conforme paper)
The document does not appear to be in UTF-8 encoding.
Try adding \UseRawInputEncoding as the first line of the file
or specify an encoding such as \usepackage [latin1]{inputenc}
in the document preamble.
Alternatively, save the file in UTF-8 using your editor or another tool


Overfull \hbox (20.30826pt too wide) in paragraph at lines 506--507
[][][][][][][][][][][][][][][][][][][][][][][][][][][][][][][][][][][][][][] 
 []


lab1_V2.py:507: LaTeX Error: Invalid UTF-8 byte sequence (�\lst@FillFixed@\lst@EC�).

See the LaTeX manual or LaTeX Companion for explanation.
Type  H <return>  for immediate help.
 ...                                              
                                                  
l.507 #   C_total single-ended paper ≈ 
                                         840 fF / 6.5 fF ≈ 129 Cu  → usa...
The document does not appear to be in UTF-8 encoding.
Try adding \UseRawInputEncoding as the first line of the file
or specify an encoding such as \usepackage [latin1]{inputenc}
in the document preamble.
Alternatively, save the file in UTF-8 using your editor or another tool


lab1_V2.py:507: LaTeX Error: Invalid UTF-8 byte "88.

See the LaTeX manual or LaTeX Companion for explanation.
Type  H <return>  for immediate help.
 ...                                              
                                                  
l.507 #   C_total single-ended paper ≈ 
                                         840 fF / 6.5 fF ≈ 129 Cu  → usa...
The document does not appear to be in UTF-8 encoding.
Try adding \UseRawInputEncoding as the first line of the file
or specify an encoding such as \usepackage [latin1]{inputenc}
in the document preamble.
Alternatively, save the file in UTF-8 using your editor or another tool


lab1_V2.py:507: LaTeX Error: Invalid UTF-8 byte sequence (�\lst@FillFixed@\lst@EC�).

See the LaTeX manual or LaTeX Companion for explanation.
Type  H <return>  for immediate help.
 ...                                              
                                                  
l.507 ...ngle-ended paper ≈ 840 fF / 6.5 fF ≈ 
                                                  129 Cu  → usa valor do p...
The document does not appear to be in UTF-8 encoding.
Try adding \UseRawInputEncoding as the first line of the file
or specify an encoding such as \usepackage [latin1]{inputenc}
in the document preamble.
Alternatively, save the file in UTF-8 using your editor or another tool


lab1_V2.py:507: LaTeX Error: Invalid UTF-8 byte "88.

See the LaTeX manual or LaTeX Companion for explanation.
Type  H <return>  for immediate help.
 ...                                              
                                                  
l.507 ...ngle-ended paper ≈ 840 fF / 6.5 fF ≈ 
                                                  129 Cu  → usa valor do p...
The document does not appear to be in UTF-8 encoding.
Try adding \UseRawInputEncoding as the first line of the file
or specify an encoding such as \usepackage [latin1]{inputenc}
in the document preamble.
Alternatively, save the file in UTF-8 using your editor or another tool


lab1_V2.py:507: LaTeX Error: Invalid UTF-8 byte sequence (�\lst@FillFixed@\lst@EC�).

See the LaTeX manual or LaTeX Companion for explanation.
Type  H <return>  for immediate help.
 ...                                              
                                                  
l.507 ...aper ≈ 840 fF / 6.5 fF ≈ 129 Cu  → 
                                                  usa valor do paper
The document does not appear to be in UTF-8 encoding.
Try adding \UseRawInputEncoding as the first line of the file
or specify an encoding such as \usepackage [latin1]{inputenc}
in the document preamble.
Alternatively, save the file in UTF-8 using your editor or another tool


lab1_V2.py:507: LaTeX Error: Invalid UTF-8 byte "92.

See the LaTeX manual or LaTeX Companion for explanation.
Type  H <return>  for immediate help.
 ...                                              
                                                  
l.507 ...aper ≈ 840 fF / 6.5 fF ≈ 129 Cu  → 
                                                  usa valor do paper
The document does not appear to be in UTF-8 encoding.
Try adding \UseRawInputEncoding as the first line of the file
or specify an encoding such as \usepackage [latin1]{inputenc}
in the document preamble.
Alternatively, save the file in UTF-8 using your editor or another tool


Overfull \hbox (26.30832pt too wide) in paragraph at lines 507--509
[][][][][][][][][][][][][][][][][][][][][][][][][][][][][][][][][][][][][][][][][][][][] 
 []


lab1_V2.py:509: LaTeX Error: Invalid UTF-8 byte sequence (�\lst@FillFixed@\lst@EC�).

See the LaTeX manual or LaTeX Companion for explanation.
Type  H <return>  for immediate help.
 ...                                              
                                                  
l.509 N_Cu_single   = round(840 / 6.5)   # ≈ 
                                               129 unidades Cu por ramo sing...
The document does not appear to be in UTF-8 encoding.
Try adding \UseRawInputEncoding as the first line of the file
or specify an encoding such as \usepackage [latin1]{inputenc}
in the document preamble.
Alternatively, save the file in UTF-8 using your editor or another tool


lab1_V2.py:509: LaTeX Error: Invalid UTF-8 byte "88.

See the LaTeX manual or LaTeX Companion for explanation.
Type  H <return>  for immediate help.
 ...                                              
                                                  
l.509 N_Cu_single   = round(840 / 6.5)   # ≈ 
                                               129 unidades Cu por ramo sing...
The document does not appear to be in UTF-8 encoding.
Try adding \UseRawInputEncoding as the first line of the file
or specify an encoding such as \usepackage [latin1]{inputenc}
in the document preamble.
Alternatively, save the file in UTF-8 using your editor or another tool


lab1_V2.py:514: LaTeX Error: Invalid UTF-8 byte sequence (�\lst@FillFixed@).

See the LaTeX manual or LaTeX Companion for explanation.
Type  H <return>  for immediate help.
 ...                                              
                                                  
l.514 # Escalar a área 
                        total do DAC
The document does not appear to be in UTF-8 encoding.
Try adding \UseRawInputEncoding as the first line of the file
or specify an encoding such as \usepackage [latin1]{inputenc}
in the document preamble.
Alternatively, save the file in UTF-8 using your editor or another tool


lab1_V2.py:514: LaTeX Error: Invalid UTF-8 byte "A1.

See the LaTeX manual or LaTeX Companion for explanation.
Type  H <return>  for immediate help.
 ...                                              
                                                  
l.514 # Escalar a área 
                        total do DAC
The document does not appear to be in UTF-8 encoding.
Try adding \UseRawInputEncoding as the first line of the file
or specify an encoding such as \usepackage [latin1]{inputenc}
in the document preamble.
Alternatively, save the file in UTF-8 using your editor or another tool


lab1_V2.py:517: LaTeX Error: Invalid UTF-8 byte sequence (�\lst@FillFixed@).

See the LaTeX manual or LaTeX Companion for explanation.
Type  H <return>  for immediate help.
 ...                                              
                                                  
l.517 ...            = {C_ox_fF_um2:.3f} fF/µm²"
                                                  )
The document does not appear to be in UTF-8 encoding.
Try adding \UseRawInputEncoding as the first line of the file
or specify an encoding such as \usepackage [latin1]{inputenc}
in the document preamble.
Alternatively, save the file in UTF-8 using your editor or another tool


lab1_V2.py:517: LaTeX Error: Invalid UTF-8 byte "B5.

See the LaTeX manual or LaTeX Companion for explanation.
Type  H <return>  for immediate help.
 ...                                              
                                                  
l.517 ...            = {C_ox_fF_um2:.3f} fF/µm²"
                                                  )
The document does not appear to be in UTF-8 encoding.
Try adding \UseRawInputEncoding as the first line of the file
or specify an encoding such as \usepackage [latin1]{inputenc}
in the document preamble.
Alternatively, save the file in UTF-8 using your editor or another tool


lab1_V2.py:517: LaTeX Error: Invalid UTF-8 byte sequence (�\lst@EC�).

See the LaTeX manual or LaTeX Companion for explanation.
Type  H <return>  for immediate help.
 ...                                              
                                                  
l.517 ...            = {C_ox_fF_um2:.3f} fF/µm²"
                                                  )
The document does not appear to be in UTF-8 encoding.
Try adding \UseRawInputEncoding as the first line of the file
or specify an encoding such as \usepackage [latin1]{inputenc}
in the document preamble.
Alternatively, save the file in UTF-8 using your editor or another tool


lab1_V2.py:519: LaTeX Error: Invalid UTF-8 byte sequence (�\lst@FillFixed@\lst@EC�).

See the LaTeX manual or LaTeX Companion for explanation.
Type  H <return>  for immediate help.
 ...                                              
                                                  
l.519 print(f"  N_Cu (single-ended)       ≈ 
                                              {N_Cu_single}  unidades Cu")
The document does not appear to be in UTF-8 encoding.
Try adding \UseRawInputEncoding as the first line of the file
or specify an encoding such as \usepackage [latin1]{inputenc}
in the document preamble.
Alternatively, save the file in UTF-8 using your editor or another tool


lab1_V2.py:519: LaTeX Error: Invalid UTF-8 byte "88.

See the LaTeX manual or LaTeX Companion for explanation.
Type  H <return>  for immediate help.
 ...                                              
                                                  
l.519 print(f"  N_Cu (single-ended)       ≈ 
                                              {N_Cu_single}  unidades Cu")
The document does not appear to be in UTF-8 encoding.
Try adding \UseRawInputEncoding as the first line of the file
or specify an encoding such as \usepackage [latin1]{inputenc}
in the document preamble.
Alternatively, save the file in UTF-8 using your editor or another tool


lab1_V2.py:520: LaTeX Error: Invalid UTF-8 byte sequence (�\lst@FillFixed@\lst@EC�).

See the LaTeX manual or LaTeX Companion for explanation.
Type  H <return>  for immediate help.
 ...                                              
                                                  
l.520 print(f"  C_total DAC (diferencial) ≈ 
                                              {C_total_fF:.0f} fF")
The document does not appear to be in UTF-8 encoding.
Try adding \UseRawInputEncoding as the first line of the file
or specify an encoding such as \usepackage [latin1]{inputenc}
in the document preamble.
Alternatively, save the file in UTF-8 using your editor or another tool


lab1_V2.py:520: LaTeX Error: Invalid UTF-8 byte "88.

See the LaTeX manual or LaTeX Companion for explanation.
Type  H <return>  for immediate help.
 ...                                              
                                                  
l.520 print(f"  C_total DAC (diferencial) ≈ 
                                              {C_total_fF:.0f} fF")
The document does not appear to be in UTF-8 encoding.
Try adding \UseRawInputEncoding as the first line of the file
or specify an encoding such as \usepackage [latin1]{inputenc}
in the document preamble.
Alternatively, save the file in UTF-8 using your editor or another tool


lab1_V2.py:521: LaTeX Error: Invalid UTF-8 byte sequence (�\lst@FillFixed@\lst@EC�).

See the LaTeX manual or LaTeX Companion for explanation.
Type  H <return>  for immediate help.
 ...                                              
                                                  
l.521 print(f"  Area total DAC            ≈ 
                                              {Area_DAC_um2:.0f} µm²  ({Ar...
The document does not appear to be in UTF-8 encoding.
Try adding \UseRawInputEncoding as the first line of the file
or specify an encoding such as \usepackage [latin1]{inputenc}
in the document preamble.
Alternatively, save the file in UTF-8 using your editor or another tool


lab1_V2.py:521: LaTeX Error: Invalid UTF-8 byte "88.

See the LaTeX manual or LaTeX Companion for explanation.
Type  H <return>  for immediate help.
 ...                                              
                                                  
l.521 print(f"  Area total DAC            ≈ 
                                              {Area_DAC_um2:.0f} µm²  ({Ar...
The document does not appear to be in UTF-8 encoding.
Try adding \UseRawInputEncoding as the first line of the file
or specify an encoding such as \usepackage [latin1]{inputenc}
in the document preamble.
Alternatively, save the file in UTF-8 using your editor or another tool


lab1_V2.py:521: LaTeX Error: Invalid UTF-8 byte sequence (�\lst@FillFixed@).

See the LaTeX manual or LaTeX Companion for explanation.
Type  H <return>  for immediate help.
 ...                                              
                                                  
l.521 ...            ≈ {Area_DAC_um2:.0f} µm² 
                                                   ({Area_DAC_um2*1e-6:.4f} ...
The document does not appear to be in UTF-8 encoding.
Try adding \UseRawInputEncoding as the first line of the file
or specify an encoding such as \usepackage [latin1]{inputenc}
in the document preamble.
Alternatively, save the file in UTF-8 using your editor or another tool


lab1_V2.py:521: LaTeX Error: Invalid UTF-8 byte "B5.

See the LaTeX manual or LaTeX Companion for explanation.
Type  H <return>  for immediate help.
 ...                                              
                                                  
l.521 ...            ≈ {Area_DAC_um2:.0f} µm² 
                                                   ({Area_DAC_um2*1e-6:.4f} ...
The document does not appear to be in UTF-8 encoding.
Try adding \UseRawInputEncoding as the first line of the file
or specify an encoding such as \usepackage [latin1]{inputenc}
in the document preamble.
Alternatively, save the file in UTF-8 using your editor or another tool


lab1_V2.py:521: LaTeX Error: Invalid UTF-8 byte sequence (�\lst@EC�).

See the LaTeX manual or LaTeX Companion for explanation.
Type  H <return>  for immediate help.
 ...                                              
                                                  
l.521 ...            ≈ {Area_DAC_um2:.0f} µm² 
                                                   ({Area_DAC_um2*1e-6:.4f} ...
The document does not appear to be in UTF-8 encoding.
Try adding \UseRawInputEncoding as the first line of the file
or specify an encoding such as \usepackage [latin1]{inputenc}
in the document preamble.
Alternatively, save the file in UTF-8 using your editor or another tool


lab1_V2.py:521: LaTeX Error: Invalid UTF-8 byte sequence (�\expandafter).

See the LaTeX manual or LaTeX Companion for explanation.
Type  H <return>  for immediate help.
 ...                                              
                                                  
l.521 ...0f} µm²  ({Area_DAC_um2*1e-6:.4f} mm²)
                                                  ")
The document does not appear to be in UTF-8 encoding.
Try adding \UseRawInputEncoding as the first line of the file
or specify an encoding such as \usepackage [latin1]{inputenc}
in the document preamble.
Alternatively, save the file in UTF-8 using your editor or another tool


lab1_V2.py:521: LaTeX Error: Invalid UTF-8 byte "B2.

See the LaTeX manual or LaTeX Companion for explanation.
Type  H <return>  for immediate help.
 ...                                              
                                                  
l.521 ...0f} µm²  ({Area_DAC_um2*1e-6:.4f} mm²)
                                                  ")
The document does not appear to be in UTF-8 encoding.
Try adding \UseRawInputEncoding as the first line of the file
or specify an encoding such as \usepackage [latin1]{inputenc}
in the document preamble.
Alternatively, save the file in UTF-8 using your editor or another tool


Overfull \hbox (104.30911pt too wide) in paragraph at lines 521--523
[][][][][][][][][][][][][][][][][][][][][][][][][][][][][][][][][][][][][][][][][][][][][][][][][] 
 []


lab1_V2.py:523: LaTeX Error: Invalid UTF-8 byte sequence (�\lst@FillFixed@\lst@EC�).

See the LaTeX manual or LaTeX Companion for explanation.
Type  H <return>  for immediate help.
 ...                                              
                                                  
l.523 # ── 
               5. Energia por conversao (DAC) ──────────...
The document does not appear to be in UTF-8 encoding.
Try adding \UseRawInputEncoding as the first line of the file
or specify an encoding such as \usepackage [latin1]{inputenc}
in the document preamble.
Alternatively, save the file in UTF-8 using your editor or another tool


lab1_V2.py:523: LaTeX Error: Invalid UTF-8 byte "80.

See the LaTeX manual or LaTeX Companion for explanation.
Type  H <return>  for immediate help.
 ...                                              
                                                  
l.523 # ── 
               5. Energia por conversao (DAC) ──────────...
The document does not appear to be in UTF-8 encoding.
Try adding \UseRawInputEncoding as the first line of the file
or specify an encoding such as \usepackage [latin1]{inputenc}
in the document preamble.
Alternatively, save the file in UTF-8 using your editor or another tool


lab1_V2.py:523: LaTeX Error: Invalid UTF-8 byte sequence (�\lst@EC�\lst@EC�).

See the LaTeX manual or LaTeX Companion for explanation.
Type  H <return>  for immediate help.
 ...                                              
                                                  
l.523 # ── 
               5. Energia por conversao (DAC) ──────────...
The document does not appear to be in UTF-8 encoding.
Try adding \UseRawInputEncoding as the first line of the file
or specify an encoding such as \usepackage [latin1]{inputenc}
in the document preamble.
Alternatively, save the file in UTF-8 using your editor or another tool


lab1_V2.py:523: LaTeX Error: Invalid UTF-8 byte sequence (�\lst@FillFixed@\lst@EC�).

See the LaTeX manual or LaTeX Companion for explanation.
Type  H <return>  for immediate help.
 ...                                              
                                                  
l.523 ...��─────────────
                                                  
The document does not appear to be in UTF-8 encoding.
Try adding \UseRawInputEncoding as the first line of the file
or specify an encoding such as \usepackage [latin1]{inputenc}
in the document preamble.
Alternatively, save the file in UTF-8 using your editor or another tool


lab1_V2.py:523: LaTeX Error: Invalid UTF-8 byte "80.

See the LaTeX manual or LaTeX Companion for explanation.
Type  H <return>  for immediate help.
 ...                                              
                                                  
l.523 ...��─────────────
                                                  
The document does not appear to be in UTF-8 encoding.
Try adding \UseRawInputEncoding as the first line of the file
or specify an encoding such as \usepackage [latin1]{inputenc}
in the document preamble.
Alternatively, save the file in UTF-8 using your editor or another tool


lab1_V2.py:523: LaTeX Error: Invalid UTF-8 byte sequence (�\lst@EC�\lst@EC�).

See the LaTeX manual or LaTeX Companion for explanation.
Type  H <return>  for immediate help.
 ...                                              
                                                  
l.523 ...��─────────────
                                                  
The document does not appear to be in UTF-8 encoding.
Try adding \UseRawInputEncoding as the first line of the file
or specify an encoding such as \usepackage [latin1]{inputenc}
in the document preamble.
Alternatively, save the file in UTF-8 using your editor or another tool


lab1_V2.py:523: LaTeX Error: Invalid UTF-8 byte sequence (�\lst@EC�\lst@EC�).

See the LaTeX manual or LaTeX Companion for explanation.
Type  H <return>  for immediate help.
 ...                                              
                                                  
l.523 ...��─────────────
                                                  
The document does not appear to be in UTF-8 encoding.
Try adding \UseRawInputEncoding as the first line of the file
or specify an encoding such as \usepackage [latin1]{inputenc}
in the document preamble.
Alternatively, save the file in UTF-8 using your editor or another tool


lab1_V2.py:523: LaTeX Error: Invalid UTF-8 byte sequence (�\lst@EC�\lst@EC�).

See the LaTeX manual or LaTeX Companion for explanation.
Type  H <return>  for immediate help.
 ...                                              
                                                  
l.523 ...��─────────────
                                                  
The document does not appear to be in UTF-8 encoding.
Try adding \UseRawInputEncoding as the first line of the file
or specify an encoding such as \usepackage [latin1]{inputenc}
in the document preamble.
Alternatively, save the file in UTF-8 using your editor or another tool


lab1_V2.py:523: LaTeX Error: Invalid UTF-8 byte sequence (�\lst@EC�\lst@EC�).

See the LaTeX manual or LaTeX Companion for explanation.
Type  H <return>  for immediate help.
 ...                                              
                                                  
l.523 ...��─────────────
                                                  
The document does not appear to be in UTF-8 encoding.
Try adding \UseRawInputEncoding as the first line of the file
or specify an encoding such as \usepackage [latin1]{inputenc}
in the document preamble.
Alternatively, save the file in UTF-8 using your editor or another tool


lab1_V2.py:523: LaTeX Error: Invalid UTF-8 byte sequence (�\lst@EC�\lst@EC�).

See the LaTeX manual or LaTeX Companion for explanation.
Type  H <return>  for immediate help.
 ...                                              
                                                  
l.523 ...��─────────────
                                                  
The document does not appear to be in UTF-8 encoding.
Try adding \UseRawInputEncoding as the first line of the file
or specify an encoding such as \usepackage [latin1]{inputenc}
in the document preamble.
Alternatively, save the file in UTF-8 using your editor or another tool


lab1_V2.py:523: LaTeX Error: Invalid UTF-8 byte sequence (�\lst@EC�\lst@EC�).

See the LaTeX manual or LaTeX Companion for explanation.
Type  H <return>  for immediate help.
 ...                                              
                                                  
l.523 ...��─────────────
                                                  
The document does not appear to be in UTF-8 encoding.
Try adding \UseRawInputEncoding as the first line of the file
or specify an encoding such as \usepackage [latin1]{inputenc}
in the document preamble.
Alternatively, save the file in UTF-8 using your editor or another tool


lab1_V2.py:523: LaTeX Error: Invalid UTF-8 byte sequence (�\lst@EC�\lst@EC�).

See the LaTeX manual or LaTeX Companion for explanation.
Type  H <return>  for immediate help.
 ...                                              
                                                  
l.523 ...��─────────────
                                                  
The document does not appear to be in UTF-8 encoding.
Try adding \UseRawInputEncoding as the first line of the file
or specify an encoding such as \usepackage [latin1]{inputenc}
in the document preamble.
Alternatively, save the file in UTF-8 using your editor or another tool


lab1_V2.py:523: LaTeX Error: Invalid UTF-8 byte sequence (�\lst@EC�\lst@EC�).

See the LaTeX manual or LaTeX Companion for explanation.
Type  H <return>  for immediate help.
 ...                                              
                                                  
l.523 ...��─────────────
                                                  
The document does not appear to be in UTF-8 encoding.
Try adding \UseRawInputEncoding as the first line of the file
or specify an encoding such as \usepackage [latin1]{inputenc}
in the document preamble.
Alternatively, save the file in UTF-8 using your editor or another tool


lab1_V2.py:523: LaTeX Error: Invalid UTF-8 byte sequence (�\lst@EC�\lst@EC�).

See the LaTeX manual or LaTeX Companion for explanation.
Type  H <return>  for immediate help.
 ...                                              
                                                  
l.523 ...��─────────────
                                                  
The document does not appear to be in UTF-8 encoding.
Try adding \UseRawInputEncoding as the first line of the file
or specify an encoding such as \usepackage [latin1]{inputenc}
in the document preamble.
Alternatively, save the file in UTF-8 using your editor or another tool


lab1_V2.py:523: LaTeX Error: Invalid UTF-8 byte sequence (�\lst@EC�\lst@EC�).

See the LaTeX manual or LaTeX Companion for explanation.
Type  H <return>  for immediate help.
 ...                                              
                                                  
l.523 ...��─────────────
                                                  
The document does not appear to be in UTF-8 encoding.
Try adding \UseRawInputEncoding as the first line of the file
or specify an encoding such as \usepackage [latin1]{inputenc}
in the document preamble.
Alternatively, save the file in UTF-8 using your editor or another tool


lab1_V2.py:523: LaTeX Error: Invalid UTF-8 byte sequence (�\lst@EC�\lst@EC�).

See the LaTeX manual or LaTeX Companion for explanation.
Type  H <return>  for immediate help.
 ...                                              
                                                  
l.523 ...��─────────────
                                                  
The document does not appear to be in UTF-8 encoding.
Try adding \UseRawInputEncoding as the first line of the file
or specify an encoding such as \usepackage [latin1]{inputenc}
in the document preamble.
Alternatively, save the file in UTF-8 using your editor or another tool


lab1_V2.py:523: LaTeX Error: Invalid UTF-8 byte sequence (�\lst@EC�\lst@EC�).

See the LaTeX manual or LaTeX Companion for explanation.
Type  H <return>  for immediate help.
 ...                                              
                                                  
l.523 ...��─────────────
                                                  
The document does not appear to be in UTF-8 encoding.
Try adding \UseRawInputEncoding as the first line of the file
or specify an encoding such as \usepackage [latin1]{inputenc}
in the document preamble.
Alternatively, save the file in UTF-8 using your editor or another tool


lab1_V2.py:523: LaTeX Error: Invalid UTF-8 byte sequence (�\lst@EC�\lst@EC�).

See the LaTeX manual or LaTeX Companion for explanation.
Type  H <return>  for immediate help.
 ...                                              
                                                  
l.523 ...��─────────────
                                                  
The document does not appear to be in UTF-8 encoding.
Try adding \UseRawInputEncoding as the first line of the file
or specify an encoding such as \usepackage [latin1]{inputenc}
in the document preamble.
Alternatively, save the file in UTF-8 using your editor or another tool


lab1_V2.py:523: LaTeX Error: Invalid UTF-8 byte sequence (�\lst@EC�\lst@EC�).

See the LaTeX manual or LaTeX Companion for explanation.
Type  H <return>  for immediate help.
 ...                                              
                                                  
l.523 ...��─────────────
                                                  
The document does not appear to be in UTF-8 encoding.
Try adding \UseRawInputEncoding as the first line of the file
or specify an encoding such as \usepackage [latin1]{inputenc}
in the document preamble.
Alternatively, save the file in UTF-8 using your editor or another tool


lab1_V2.py:523: LaTeX Error: Invalid UTF-8 byte sequence (�\lst@EC�\lst@EC�).

See the LaTeX manual or LaTeX Companion for explanation.
Type  H <return>  for immediate help.
 ...                                              
                                                  
l.523 ...��─────────────
                                                  
The document does not appear to be in UTF-8 encoding.
Try adding \UseRawInputEncoding as the first line of the file
or specify an encoding such as \usepackage [latin1]{inputenc}
in the document preamble.
Alternatively, save the file in UTF-8 using your editor or another tool


lab1_V2.py:523: LaTeX Error: Invalid UTF-8 byte sequence (�\lst@EC�\lst@EC�).

See the LaTeX manual or LaTeX Companion for explanation.
Type  H <return>  for immediate help.
 ...                                              
                                                  
l.523 ...��─────────────
                                                  
The document does not appear to be in UTF-8 encoding.
Try adding \UseRawInputEncoding as the first line of the file
or specify an encoding such as \usepackage [latin1]{inputenc}
in the document preamble.
Alternatively, save the file in UTF-8 using your editor or another tool


lab1_V2.py:523: LaTeX Error: Invalid UTF-8 byte sequence (�\lst@EC�\lst@EC�).

See the LaTeX manual or LaTeX Companion for explanation.
Type  H <return>  for immediate help.
 ...                                              
                                                  
l.523 ...��─────────────
                                                  
The document does not appear to be in UTF-8 encoding.
Try adding \UseRawInputEncoding as the first line of the file
or specify an encoding such as \usepackage [latin1]{inputenc}
in the document preamble.
Alternatively, save the file in UTF-8 using your editor or another tool


lab1_V2.py:523: LaTeX Error: Invalid UTF-8 byte sequence (�\lst@EC�\lst@EC�).

See the LaTeX manual or LaTeX Companion for explanation.
Type  H <return>  for immediate help.
 ...                                              
                                                  
l.523 ...��─────────────
                                                  
The document does not appear to be in UTF-8 encoding.
Try adding \UseRawInputEncoding as the first line of the file
or specify an encoding such as \usepackage [latin1]{inputenc}
in the document preamble.
Alternatively, save the file in UTF-8 using your editor or another tool


lab1_V2.py:523: LaTeX Error: Invalid UTF-8 byte sequence (�\lst@EC�\lst@EC�).

See the LaTeX manual or LaTeX Companion for explanation.
Type  H <return>  for immediate help.
 ...                                              
                                                  
l.523 ...��─────────────
                                                  
The document does not appear to be in UTF-8 encoding.
Try adding \UseRawInputEncoding as the first line of the file
or specify an encoding such as \usepackage [latin1]{inputenc}
in the document preamble.
Alternatively, save the file in UTF-8 using your editor or another tool


lab1_V2.py:523: LaTeX Error: Invalid UTF-8 byte sequence (�\lst@EC�\lst@EC�).

See the LaTeX manual or LaTeX Companion for explanation.
Type  H <return>  for immediate help.
 ...                                              
                                                  
l.523 ...��─────────────
                                                  
The document does not appear to be in UTF-8 encoding.
Try adding \UseRawInputEncoding as the first line of the file
or specify an encoding such as \usepackage [latin1]{inputenc}
in the document preamble.
Alternatively, save the file in UTF-8 using your editor or another tool


lab1_V2.py:523: LaTeX Error: Invalid UTF-8 byte sequence (�\lst@EC�\lst@EC�).

See the LaTeX manual or LaTeX Companion for explanation.
Type  H <return>  for immediate help.
 ...                                              
                                                  
l.523 ...��─────────────
                                                  
The document does not appear to be in UTF-8 encoding.
Try adding \UseRawInputEncoding as the first line of the file
or specify an encoding such as \usepackage [latin1]{inputenc}
in the document preamble.
Alternatively, save the file in UTF-8 using your editor or another tool


lab1_V2.py:523: LaTeX Error: Invalid UTF-8 byte sequence (�\lst@EC�\lst@EC�).

See the LaTeX manual or LaTeX Companion for explanation.
Type  H <return>  for immediate help.
 ...                                              
                                                  
l.523 ...��─────────────
                                                  
The document does not appear to be in UTF-8 encoding.
Try adding \UseRawInputEncoding as the first line of the file
or specify an encoding such as \usepackage [latin1]{inputenc}
in the document preamble.
Alternatively, save the file in UTF-8 using your editor or another tool


lab1_V2.py:523: LaTeX Error: Invalid UTF-8 byte sequence (�\lst@EC�\lst@EC�).

See the LaTeX manual or LaTeX Companion for explanation.
Type  H <return>  for immediate help.
 ...                                              
                                                  
l.523 ...��─────────────
                                                  
The document does not appear to be in UTF-8 encoding.
Try adding \UseRawInputEncoding as the first line of the file
or specify an encoding such as \usepackage [latin1]{inputenc}
in the document preamble.
Alternatively, save the file in UTF-8 using your editor or another tool


lab1_V2.py:523: LaTeX Error: Invalid UTF-8 byte sequence (�\lst@EC�\lst@EC�).

See the LaTeX manual or LaTeX Companion for explanation.
Type  H <return>  for immediate help.
 ...                                              
                                                  
l.523 ...��─────────────
                                                  
The document does not appear to be in UTF-8 encoding.
Try adding \UseRawInputEncoding as the first line of the file
or specify an encoding such as \usepackage [latin1]{inputenc}
in the document preamble.
Alternatively, save the file in UTF-8 using your editor or another tool


lab1_V2.py:523: LaTeX Error: Invalid UTF-8 byte sequence (�\lst@EC�\lst@EC�).

See the LaTeX manual or LaTeX Companion for explanation.
Type  H <return>  for immediate help.
 ...                                              
                                                  
l.523 ...��─────────────
                                                  
The document does not appear to be in UTF-8 encoding.
Try adding \UseRawInputEncoding as the first line of the file
or specify an encoding such as \usepackage [latin1]{inputenc}
in the document preamble.
Alternatively, save the file in UTF-8 using your editor or another tool


lab1_V2.py:523: LaTeX Error: Invalid UTF-8 byte sequence (�\lst@EC�\lst@EC�).

See the LaTeX manual or LaTeX Companion for explanation.
Type  H <return>  for immediate help.
 ...                                              
                                                  
l.523 ...��─────────────
                                                  
The document does not appear to be in UTF-8 encoding.
Try adding \UseRawInputEncoding as the first line of the file
or specify an encoding such as \usepackage [latin1]{inputenc}
in the document preamble.
Alternatively, save the file in UTF-8 using your editor or another tool


lab1_V2.py:523: LaTeX Error: Invalid UTF-8 byte sequence (�\lst@EC�\lst@EC�).

See the LaTeX manual or LaTeX Companion for explanation.
Type  H <return>  for immediate help.
 ...                                              
                                                  
l.523 ...��─────────────
                                                  
The document does not appear to be in UTF-8 encoding.
Try adding \UseRawInputEncoding as the first line of the file
or specify an encoding such as \usepackage [latin1]{inputenc}
in the document preamble.
Alternatively, save the file in UTF-8 using your editor or another tool


lab1_V2.py:523: LaTeX Error: Invalid UTF-8 byte sequence (�\lst@EC�\lst@EC�).

See the LaTeX manual or LaTeX Companion for explanation.
Type  H <return>  for immediate help.
 ...                                              
                                                  
l.523 ...��─────────────
                                                  
The document does not appear to be in UTF-8 encoding.
Try adding \UseRawInputEncoding as the first line of the file
or specify an encoding such as \usepackage [latin1]{inputenc}
in the document preamble.
Alternatively, save the file in UTF-8 using your editor or another tool


lab1_V2.py:523: LaTeX Error: Invalid UTF-8 byte sequence (�\lst@EC�\lst@EC�).

See the LaTeX manual or LaTeX Companion for explanation.
Type  H <return>  for immediate help.
 ...                                              
                                                  
l.523 ...��─────────────
                                                  
The document does not appear to be in UTF-8 encoding.
Try adding \UseRawInputEncoding as the first line of the file
or specify an encoding such as \usepackage [latin1]{inputenc}
in the document preamble.
Alternatively, save the file in UTF-8 using your editor or another tool


lab1_V2.py:523: LaTeX Error: Invalid UTF-8 byte sequence (�\lst@EC�\lst@EC�).

See the LaTeX manual or LaTeX Companion for explanation.
Type  H <return>  for immediate help.
 ...                                              
                                                  
l.523 ...��─────────────
                                                  
The document does not appear to be in UTF-8 encoding.
Try adding \UseRawInputEncoding as the first line of the file
or specify an encoding such as \usepackage [latin1]{inputenc}
in the document preamble.
Alternatively, save the file in UTF-8 using your editor or another tool


lab1_V2.py:523: LaTeX Error: Invalid UTF-8 byte sequence (�\lst@EC�\lst@EC�).

See the LaTeX manual or LaTeX Companion for explanation.
Type  H <return>  for immediate help.
 ...                                              
                                                  
l.523 ...��─────────────
                                                  
The document does not appear to be in UTF-8 encoding.
Try adding \UseRawInputEncoding as the first line of the file
or specify an encoding such as \usepackage [latin1]{inputenc}
in the document preamble.
Alternatively, save the file in UTF-8 using your editor or another tool


lab1_V2.py:523: LaTeX Error: Invalid UTF-8 byte sequence (�\lst@EC�\lst@EC�).

See the LaTeX manual or LaTeX Companion for explanation.
Type  H <return>  for immediate help.
 ...                                              
                                                  
l.523 ...��─────────────
                                                  
The document does not appear to be in UTF-8 encoding.
Try adding \UseRawInputEncoding as the first line of the file
or specify an encoding such as \usepackage [latin1]{inputenc}
in the document preamble.
Alternatively, save the file in UTF-8 using your editor or another tool


lab1_V2.py:523: LaTeX Error: Invalid UTF-8 byte sequence (�\lst@EC�\lst@EC�).

See the LaTeX manual or LaTeX Companion for explanation.
Type  H <return>  for immediate help.
 ...                                              
                                                  
l.523 ...��─────────────
                                                  
The document does not appear to be in UTF-8 encoding.
Try adding \UseRawInputEncoding as the first line of the file
or specify an encoding such as \usepackage [latin1]{inputenc}
in the document preamble.
Alternatively, save the file in UTF-8 using your editor or another tool


lab1_V2.py:523: LaTeX Error: Invalid UTF-8 byte sequence (�\lst@EC�\lst@EC�).

See the LaTeX manual or LaTeX Companion for explanation.
Type  H <return>  for immediate help.
 ...                                              
                                                  
l.523 ...��─────────────
                                                  
The document does not appear to be in UTF-8 encoding.
Try adding \UseRawInputEncoding as the first line of the file
or specify an encoding such as \usepackage [latin1]{inputenc}
in the document preamble.
Alternatively, save the file in UTF-8 using your editor or another tool


lab1_V2.py:523: LaTeX Error: Invalid UTF-8 byte sequence (�\lst@EC�\lst@EC�).

See the LaTeX manual or LaTeX Companion for explanation.
Type  H <return>  for immediate help.
 ...                                              
                                                  
l.523 ...��─────────────
                                                  
The document does not appear to be in UTF-8 encoding.
Try adding \UseRawInputEncoding as the first line of the file
or specify an encoding such as \usepackage [latin1]{inputenc}
in the document preamble.
Alternatively, save the file in UTF-8 using your editor or another tool


lab1_V2.py:523: LaTeX Error: Invalid UTF-8 byte sequence (�\lst@EC�\lst@EC�).

See the LaTeX manual or LaTeX Companion for explanation.
Type  H <return>  for immediate help.
 ...                                              
                                                  
l.523 ...��─────────────
                                                  
The document does not appear to be in UTF-8 encoding.
Try adding \UseRawInputEncoding as the first line of the file
or specify an encoding such as \usepackage [latin1]{inputenc}
in the document preamble.
Alternatively, save the file in UTF-8 using your editor or another tool


lab1_V2.py:523: LaTeX Error: Invalid UTF-8 byte sequence (�\lst@EC�\lst@EC�).

See the LaTeX manual or LaTeX Companion for explanation.
Type  H <return>  for immediate help.
 ...                                              
                                                  
l.523 ...��─────────────
                                                  
The document does not appear to be in UTF-8 encoding.
Try adding \UseRawInputEncoding as the first line of the file
or specify an encoding such as \usepackage [latin1]{inputenc}
in the document preamble.
Alternatively, save the file in UTF-8 using your editor or another tool


lab1_V2.py:523: LaTeX Error: Invalid UTF-8 byte sequence (�\lst@EC�\lst@EC�).

See the LaTeX manual or LaTeX Companion for explanation.
Type  H <return>  for immediate help.
 ...                                              
                                                  
l.523 ...��─────────────
                                                  
The document does not appear to be in UTF-8 encoding.
Try adding \UseRawInputEncoding as the first line of the file
or specify an encoding such as \usepackage [latin1]{inputenc}
in the document preamble.
Alternatively, save the file in UTF-8 using your editor or another tool


lab1_V2.py:523: LaTeX Error: Invalid UTF-8 byte sequence (�\lst@EC�\lst@EC�).

See the LaTeX manual or LaTeX Companion for explanation.
Type  H <return>  for immediate help.
 ...                                              
                                                  
l.523 ...��─────────────
                                                  
The document does not appear to be in UTF-8 encoding.
Try adding \UseRawInputEncoding as the first line of the file
or specify an encoding such as \usepackage [latin1]{inputenc}
in the document preamble.
Alternatively, save the file in UTF-8 using your editor or another tool


lab1_V2.py:523: LaTeX Error: Invalid UTF-8 byte sequence (�\lst@EC�\lst@EC�).

See the LaTeX manual or LaTeX Companion for explanation.
Type  H <return>  for immediate help.
 ...                                              
                                                  
l.523 ...��─────────────
                                                  
The document does not appear to be in UTF-8 encoding.
Try adding \UseRawInputEncoding as the first line of the file
or specify an encoding such as \usepackage [latin1]{inputenc}
in the document preamble.
Alternatively, save the file in UTF-8 using your editor or another tool


lab1_V2.py:523: LaTeX Error: Invalid UTF-8 byte sequence (�\lst@EC�\lst@EC�).

See the LaTeX manual or LaTeX Companion for explanation.
Type  H <return>  for immediate help.
 ...                                              
                                                  
l.523 ...��─────────────
                                                  
The document does not appear to be in UTF-8 encoding.
Try adding \UseRawInputEncoding as the first line of the file
or specify an encoding such as \usepackage [latin1]{inputenc}
in the document preamble.
Alternatively, save the file in UTF-8 using your editor or another tool


Overfull \hbox (512.31326pt too wide) in paragraph at lines 523--524
[][][][][][][][][][][][][][][][][][][][] 
 []


lab1_V2.py:527: LaTeX Error: Invalid UTF-8 byte sequence (�\lst@FillFixed@\lst@EC�).

See the LaTeX manual or LaTeX Companion for explanation.
Type  H <return>  for immediate help.
 ...                                              
                                                  
l.527 #       E_DAC ≈ 
                        (1/2) · C_total · Vref^2    (limite superior conse...
The document does not appear to be in UTF-8 encoding.
Try adding \UseRawInputEncoding as the first line of the file
or specify an encoding such as \usepackage [latin1]{inputenc}
in the document preamble.
Alternatively, save the file in UTF-8 using your editor or another tool


lab1_V2.py:527: LaTeX Error: Invalid UTF-8 byte "88.

See the LaTeX manual or LaTeX Companion for explanation.
Type  H <return>  for immediate help.
 ...                                              
                                                  
l.527 #       E_DAC ≈ 
                        (1/2) · C_total · Vref^2    (limite superior conse...
The document does not appear to be in UTF-8 encoding.
Try adding \UseRawInputEncoding as the first line of the file
or specify an encoding such as \usepackage [latin1]{inputenc}
in the document preamble.
Alternatively, save the file in UTF-8 using your editor or another tool


lab1_V2.py:527: LaTeX Error: Invalid UTF-8 byte sequence (�\lst@FillFixed@).

See the LaTeX manual or LaTeX Companion for explanation.
Type  H <return>  for immediate help.
 ...                                              
                                                  
l.527 #       E_DAC ≈ (1/2) · 
                                 C_total · Vref^2    (limite superior conse...
The document does not appear to be in UTF-8 encoding.
Try adding \UseRawInputEncoding as the first line of the file
or specify an encoding such as \usepackage [latin1]{inputenc}
in the document preamble.
Alternatively, save the file in UTF-8 using your editor or another tool


lab1_V2.py:527: LaTeX Error: Invalid UTF-8 byte "B7.

See the LaTeX manual or LaTeX Companion for explanation.
Type  H <return>  for immediate help.
 ...                                              
                                                  
l.527 #       E_DAC ≈ (1/2) · 
                                 C_total · Vref^2    (limite superior conse...
The document does not appear to be in UTF-8 encoding.
Try adding \UseRawInputEncoding as the first line of the file
or specify an encoding such as \usepackage [latin1]{inputenc}
in the document preamble.
Alternatively, save the file in UTF-8 using your editor or another tool


lab1_V2.py:527: LaTeX Error: Invalid UTF-8 byte sequence (�\lst@FillFixed@).

See the LaTeX manual or LaTeX Companion for explanation.
Type  H <return>  for immediate help.
 ...                                              
                                                  
l.527 #       E_DAC ≈ (1/2) · C_total · 
                                            Vref^2    (limite superior conse...
The document does not appear to be in UTF-8 encoding.
Try adding \UseRawInputEncoding as the first line of the file
or specify an encoding such as \usepackage [latin1]{inputenc}
in the document preamble.
Alternatively, save the file in UTF-8 using your editor or another tool


lab1_V2.py:527: LaTeX Error: Invalid UTF-8 byte "B7.

See the LaTeX manual or LaTeX Companion for explanation.
Type  H <return>  for immediate help.
 ...                                              
                                                  
l.527 #       E_DAC ≈ (1/2) · C_total · 
                                            Vref^2    (limite superior conse...
The document does not appear to be in UTF-8 encoding.
Try adding \UseRawInputEncoding as the first line of the file
or specify an encoding such as \usepackage [latin1]{inputenc}
in the document preamble.
Alternatively, save the file in UTF-8 using your editor or another tool


lab1_V2.py:543: LaTeX Error: Invalid UTF-8 byte sequence (�\lst@FillFixed@\lst@EC�).

See the LaTeX manual or LaTeX Companion for explanation.
Type  H <return>  for immediate help.
 ...                                              
                                                  
l.543 print(f"  Energia DAC estimada      ≈ 
                                              {E_DAC_fJ:.1f} fJ/conversao")
The document does not appear to be in UTF-8 encoding.
Try adding \UseRawInputEncoding as the first line of the file
or specify an encoding such as \usepackage [latin1]{inputenc}
in the document preamble.
Alternatively, save the file in UTF-8 using your editor or another tool


lab1_V2.py:543: LaTeX Error: Invalid UTF-8 byte "88.

See the LaTeX manual or LaTeX Companion for explanation.
Type  H <return>  for immediate help.
 ...                                              
                                                  
l.543 print(f"  Energia DAC estimada      ≈ 
                                              {E_DAC_fJ:.1f} fJ/conversao")
The document does not appear to be in UTF-8 encoding.
Try adding \UseRawInputEncoding as the first line of the file
or specify an encoding such as \usepackage [latin1]{inputenc}
in the document preamble.
Alternatively, save the file in UTF-8 using your editor or another tool


lab1_V2.py:544: LaTeX Error: Invalid UTF-8 byte sequence (�\lst@FillFixed@\lst@EC�).

See the LaTeX manual or LaTeX Companion for explanation.
Type  H <return>  for immediate help.
 ...                                              
                                                  
l.544 print(f"  FoM DAC estimado          ≈ 
                                              {FoM_DAC:.2f} fJ/conversion-st...
The document does not appear to be in UTF-8 encoding.
Try adding \UseRawInputEncoding as the first line of the file
or specify an encoding such as \usepackage [latin1]{inputenc}
in the document preamble.
Alternatively, save the file in UTF-8 using your editor or another tool


lab1_V2.py:544: LaTeX Error: Invalid UTF-8 byte "88.

See the LaTeX manual or LaTeX Companion for explanation.
Type  H <return>  for immediate help.
 ...                                              
                                                  
l.544 print(f"  FoM DAC estimado          ≈ 
                                              {FoM_DAC:.2f} fJ/conversion-st...
The document does not appear to be in UTF-8 encoding.
Try adding \UseRawInputEncoding as the first line of the file
or specify an encoding such as \usepackage [latin1]{inputenc}
in the document preamble.
Alternatively, save the file in UTF-8 using your editor or another tool


lab1_V2.py:545: LaTeX Error: Invalid UTF-8 byte sequence (�\lst@FillFixed@\lst@EC�).

See the LaTeX manual or LaTeX Companion for explanation.
Type  H <return>  for immediate help.
 ...                                              
                                                  
l.545 ...E_total = {E_total_paper_fJ:.1f} fJ  → 
                                                   FoM = {FoM_paper:.2f} fJ/...
The document does not appear to be in UTF-8 encoding.
Try adding \UseRawInputEncoding as the first line of the file
or specify an encoding such as \usepackage [latin1]{inputenc}
in the document preamble.
Alternatively, save the file in UTF-8 using your editor or another tool


lab1_V2.py:545: LaTeX Error: Invalid UTF-8 byte "92.

See the LaTeX manual or LaTeX Companion for explanation.
Type  H <return>  for immediate help.
 ...                                              
                                                  
l.545 ...E_total = {E_total_paper_fJ:.1f} fJ  → 
                                                   FoM = {FoM_paper:.2f} fJ/...
The document does not appear to be in UTF-8 encoding.
Try adding \UseRawInputEncoding as the first line of the file
or specify an encoding such as \usepackage [latin1]{inputenc}
in the document preamble.
Alternatively, save the file in UTF-8 using your editor or another tool


Overfull \hbox (176.30984pt too wide) in paragraph at lines 545--546
[][][][][][][][][][][][][][][][][][][][][][][][][][][][][][][][][][][][][][][][][][][][][][][][][][][] 
 []

File: IMAGENS/logo_fct.png Graphic file (type png)
<use IMAGENS/logo_fct.png>
Package pdftex.def Info: IMAGENS/logo_fct.png  used on input line 548.
(pdftex.def)             Requested size: 120.08568pt x 28.45274pt.

Package fancyhdr Warning: \headheight is too small (12.0pt): 
(fancyhdr)                Make it at least 32.05278pt, for example:
(fancyhdr)                \setlength{\headheight}{32.05278pt}.
(fancyhdr)                You might also make \topmargin smaller:
(fancyhdr)                \addtolength{\topmargin}{-20.05278pt}.

[22]

lab1_V2.py:548: LaTeX Error: Invalid UTF-8 byte sequence (�\lst@FillFixed@\lst@EC�).

See the LaTeX manual or LaTeX Companion for explanation.
Type  H <return>  for immediate help.
 ...                                              
                                                  
l.548 # ── 
               6. Gráfico ENOB vs σ com marcação do ponto-alvo ───...
The document does not appear to be in UTF-8 encoding.
Try adding \UseRawInputEncoding as the first line of the file
or specify an encoding such as \usepackage [latin1]{inputenc}
in the document preamble.
Alternatively, save the file in UTF-8 using your editor or another tool


lab1_V2.py:548: LaTeX Error: Invalid UTF-8 byte "80.

See the LaTeX manual or LaTeX Companion for explanation.
Type  H <return>  for immediate help.
 ...                                              
                                                  
l.548 # ── 
               6. Gráfico ENOB vs σ com marcação do ponto-alvo ───...
The document does not appear to be in UTF-8 encoding.
Try adding \UseRawInputEncoding as the first line of the file
or specify an encoding such as \usepackage [latin1]{inputenc}
in the document preamble.
Alternatively, save the file in UTF-8 using your editor or another tool


lab1_V2.py:548: LaTeX Error: Invalid UTF-8 byte sequence (�\lst@EC�\lst@EC�).

See the LaTeX manual or LaTeX Companion for explanation.
Type  H <return>  for immediate help.
 ...                                              
                                                  
l.548 # ── 
               6. Gráfico ENOB vs σ com marcação do ponto-alvo ───...
The document does not appear to be in UTF-8 encoding.
Try adding \UseRawInputEncoding as the first line of the file
or specify an encoding such as \usepackage [latin1]{inputenc}
in the document preamble.
Alternatively, save the file in UTF-8 using your editor or another tool


lab1_V2.py:548: LaTeX Error: Invalid UTF-8 byte sequence (�\expandafter).

See the LaTeX manual or LaTeX Companion for explanation.
Type  H <return>  for immediate help.
 ...                                              
                                                  
l.548 # ── 6. Gráfico 
                           ENOB vs σ com marcação do ponto-alvo ───...
The document does not appear to be in UTF-8 encoding.
Try adding \UseRawInputEncoding as the first line of the file
or specify an encoding such as \usepackage [latin1]{inputenc}
in the document preamble.
Alternatively, save the file in UTF-8 using your editor or another tool


lab1_V2.py:548: LaTeX Error: Invalid UTF-8 byte "A1.

See the LaTeX manual or LaTeX Companion for explanation.
Type  H <return>  for immediate help.
 ...                                              
                                                  
l.548 # ── 6. Gráfico 
                           ENOB vs σ com marcação do ponto-alvo ───...
The document does not appear to be in UTF-8 encoding.
Try adding \UseRawInputEncoding as the first line of the file
or specify an encoding such as \usepackage [latin1]{inputenc}
in the document preamble.
Alternatively, save the file in UTF-8 using your editor or another tool


lab1_V2.py:548: LaTeX Error: Invalid UTF-8 byte sequence (�\lst@FillFixed@).

See the LaTeX manual or LaTeX Companion for explanation.
Type  H <return>  for immediate help.
 ...                                              
                                                  
l.548 # ── 6. Gráfico ENOB vs σ 
                                      com marcação do ponto-alvo ───...
The document does not appear to be in UTF-8 encoding.
Try adding \UseRawInputEncoding as the first line of the file
or specify an encoding such as \usepackage [latin1]{inputenc}
in the document preamble.
Alternatively, save the file in UTF-8 using your editor or another tool


lab1_V2.py:548: LaTeX Error: Invalid UTF-8 byte "83.

See the LaTeX manual or LaTeX Companion for explanation.
Type  H <return>  for immediate help.
 ...                                              
                                                  
l.548 # ── 6. Gráfico ENOB vs σ 
                                      com marcação do ponto-alvo ───...
The document does not appear to be in UTF-8 encoding.
Try adding \UseRawInputEncoding as the first line of the file
or specify an encoding such as \usepackage [latin1]{inputenc}
in the document preamble.
Alternatively, save the file in UTF-8 using your editor or another tool


lab1_V2.py:548: LaTeX Error: Invalid UTF-8 byte sequence (�\expandafter).

See the LaTeX manual or LaTeX Companion for explanation.
Type  H <return>  for immediate help.
 ...                                              
                                                  
l.548 ...�� 6. Gráfico ENOB vs σ com marcação 
                                                  do ponto-alvo ────...
The document does not appear to be in UTF-8 encoding.
Try adding \UseRawInputEncoding as the first line of the file
or specify an encoding such as \usepackage [latin1]{inputenc}
in the document preamble.
Alternatively, save the file in UTF-8 using your editor or another tool


lab1_V2.py:548: LaTeX Error: Invalid UTF-8 byte "A7.

See the LaTeX manual or LaTeX Companion for explanation.
Type  H <return>  for immediate help.
 ...                                              
                                                  
l.548 ...�� 6. Gráfico ENOB vs σ com marcação 
                                                  do ponto-alvo ────...
The document does not appear to be in UTF-8 encoding.
Try adding \UseRawInputEncoding as the first line of the file
or specify an encoding such as \usepackage [latin1]{inputenc}
in the document preamble.
Alternatively, save the file in UTF-8 using your editor or another tool


lab1_V2.py:548: LaTeX Error: Invalid UTF-8 byte sequence (�\expandafter).

See the LaTeX manual or LaTeX Companion for explanation.
Type  H <return>  for immediate help.
 ...                                              
                                                  
l.548 ...�� 6. Gráfico ENOB vs σ com marcação 
                                                  do ponto-alvo ────...
The document does not appear to be in UTF-8 encoding.
Try adding \UseRawInputEncoding as the first line of the file
or specify an encoding such as \usepackage [latin1]{inputenc}
in the document preamble.
Alternatively, save the file in UTF-8 using your editor or another tool


lab1_V2.py:548: LaTeX Error: Invalid UTF-8 byte "A3.

See the LaTeX manual or LaTeX Companion for explanation.
Type  H <return>  for immediate help.
 ...                                              
                                                  
l.548 ...�� 6. Gráfico ENOB vs σ com marcação 
                                                  do ponto-alvo ────...
The document does not appear to be in UTF-8 encoding.
Try adding \UseRawInputEncoding as the first line of the file
or specify an encoding such as \usepackage [latin1]{inputenc}
in the document preamble.
Alternatively, save the file in UTF-8 using your editor or another tool


lab1_V2.py:548: LaTeX Error: Invalid UTF-8 byte sequence (�\lst@FillFixed@\lst@EC�).

See the LaTeX manual or LaTeX Companion for explanation.
Type  H <return>  for immediate help.
 ...                                              
                                                  
l.548 ...��─────────────
                                                  
The document does not appear to be in UTF-8 encoding.
Try adding \UseRawInputEncoding as the first line of the file
or specify an encoding such as \usepackage [latin1]{inputenc}
in the document preamble.
Alternatively, save the file in UTF-8 using your editor or another tool


lab1_V2.py:548: LaTeX Error: Invalid UTF-8 byte "80.

See the LaTeX manual or LaTeX Companion for explanation.
Type  H <return>  for immediate help.
 ...                                              
                                                  
l.548 ...��─────────────
                                                  
The document does not appear to be in UTF-8 encoding.
Try adding \UseRawInputEncoding as the first line of the file
or specify an encoding such as \usepackage [latin1]{inputenc}
in the document preamble.
Alternatively, save the file in UTF-8 using your editor or another tool


lab1_V2.py:548: LaTeX Error: Invalid UTF-8 byte sequence (�\lst@EC�\lst@EC�).

See the LaTeX manual or LaTeX Companion for explanation.
Type  H <return>  for immediate help.
 ...                                              
                                                  
l.548 ...��─────────────
                                                  
The document does not appear to be in UTF-8 encoding.
Try adding \UseRawInputEncoding as the first line of the file
or specify an encoding such as \usepackage [latin1]{inputenc}
in the document preamble.
Alternatively, save the file in UTF-8 using your editor or another tool


lab1_V2.py:548: LaTeX Error: Invalid UTF-8 byte sequence (�\lst@EC�\lst@EC�).

See the LaTeX manual or LaTeX Companion for explanation.
Type  H <return>  for immediate help.
 ...                                              
                                                  
l.548 ...��─────────────
                                                  
The document does not appear to be in UTF-8 encoding.
Try adding \UseRawInputEncoding as the first line of the file
or specify an encoding such as \usepackage [latin1]{inputenc}
in the document preamble.
Alternatively, save the file in UTF-8 using your editor or another tool


lab1_V2.py:548: LaTeX Error: Invalid UTF-8 byte sequence (�\lst@EC�\lst@EC�).

See the LaTeX manual or LaTeX Companion for explanation.
Type  H <return>  for immediate help.
 ...                                              
                                                  
l.548 ...��─────────────
                                                  
The document does not appear to be in UTF-8 encoding.
Try adding \UseRawInputEncoding as the first line of the file
or specify an encoding such as \usepackage [latin1]{inputenc}
in the document preamble.
Alternatively, save the file in UTF-8 using your editor or another tool


lab1_V2.py:548: LaTeX Error: Invalid UTF-8 byte sequence (�\lst@EC�\lst@EC�).

See the LaTeX manual or LaTeX Companion for explanation.
Type  H <return>  for immediate help.
 ...                                              
                                                  
l.548 ...��─────────────
                                                  
The document does not appear to be in UTF-8 encoding.
Try adding \UseRawInputEncoding as the first line of the file
or specify an encoding such as \usepackage [latin1]{inputenc}
in the document preamble.
Alternatively, save the file in UTF-8 using your editor or another tool


lab1_V2.py:548: LaTeX Error: Invalid UTF-8 byte sequence (�\lst@EC�\lst@EC�).

See the LaTeX manual or LaTeX Companion for explanation.
Type  H <return>  for immediate help.
 ...                                              
                                                  
l.548 ...��─────────────
                                                  
The document does not appear to be in UTF-8 encoding.
Try adding \UseRawInputEncoding as the first line of the file
or specify an encoding such as \usepackage [latin1]{inputenc}
in the document preamble.
Alternatively, save the file in UTF-8 using your editor or another tool


lab1_V2.py:548: LaTeX Error: Invalid UTF-8 byte sequence (�\lst@EC�\lst@EC�).

See the LaTeX manual or LaTeX Companion for explanation.
Type  H <return>  for immediate help.
 ...                                              
                                                  
l.548 ...��─────────────
                                                  
The document does not appear to be in UTF-8 encoding.
Try adding \UseRawInputEncoding as the first line of the file
or specify an encoding such as \usepackage [latin1]{inputenc}
in the document preamble.
Alternatively, save the file in UTF-8 using your editor or another tool


lab1_V2.py:548: LaTeX Error: Invalid UTF-8 byte sequence (�\lst@EC�\lst@EC�).

See the LaTeX manual or LaTeX Companion for explanation.
Type  H <return>  for immediate help.
 ...                                              
                                                  
l.548 ...��─────────────
                                                  
The document does not appear to be in UTF-8 encoding.
Try adding \UseRawInputEncoding as the first line of the file
or specify an encoding such as \usepackage [latin1]{inputenc}
in the document preamble.
Alternatively, save the file in UTF-8 using your editor or another tool


lab1_V2.py:548: LaTeX Error: Invalid UTF-8 byte sequence (�\lst@EC�\lst@EC�).

See the LaTeX manual or LaTeX Companion for explanation.
Type  H <return>  for immediate help.
 ...                                              
                                                  
l.548 ...��─────────────
                                                  
The document does not appear to be in UTF-8 encoding.
Try adding \UseRawInputEncoding as the first line of the file
or specify an encoding such as \usepackage [latin1]{inputenc}
in the document preamble.
Alternatively, save the file in UTF-8 using your editor or another tool


lab1_V2.py:548: LaTeX Error: Invalid UTF-8 byte sequence (�\lst@EC�\lst@EC�).

See the LaTeX manual or LaTeX Companion for explanation.
Type  H <return>  for immediate help.
 ...                                              
                                                  
l.548 ...��─────────────
                                                  
The document does not appear to be in UTF-8 encoding.
Try adding \UseRawInputEncoding as the first line of the file
or specify an encoding such as \usepackage [latin1]{inputenc}
in the document preamble.
Alternatively, save the file in UTF-8 using your editor or another tool


lab1_V2.py:548: LaTeX Error: Invalid UTF-8 byte sequence (�\lst@EC�\lst@EC�).

See the LaTeX manual or LaTeX Companion for explanation.
Type  H <return>  for immediate help.
 ...                                              
                                                  
l.548 ...��─────────────
                                                  
The document does not appear to be in UTF-8 encoding.
Try adding \UseRawInputEncoding as the first line of the file
or specify an encoding such as \usepackage [latin1]{inputenc}
in the document preamble.
Alternatively, save the file in UTF-8 using your editor or another tool


lab1_V2.py:548: LaTeX Error: Invalid UTF-8 byte sequence (�\lst@EC�\lst@EC�).

See the LaTeX manual or LaTeX Companion for explanation.
Type  H <return>  for immediate help.
 ...                                              
                                                  
l.548 ...��─────────────
                                                  
The document does not appear to be in UTF-8 encoding.
Try adding \UseRawInputEncoding as the first line of the file
or specify an encoding such as \usepackage [latin1]{inputenc}
in the document preamble.
Alternatively, save the file in UTF-8 using your editor or another tool


lab1_V2.py:548: LaTeX Error: Invalid UTF-8 byte sequence (�\lst@EC�\lst@EC�).

See the LaTeX manual or LaTeX Companion for explanation.
Type  H <return>  for immediate help.
 ...                                              
                                                  
l.548 ...��─────────────
                                                  
The document does not appear to be in UTF-8 encoding.
Try adding \UseRawInputEncoding as the first line of the file
or specify an encoding such as \usepackage [latin1]{inputenc}
in the document preamble.
Alternatively, save the file in UTF-8 using your editor or another tool


lab1_V2.py:548: LaTeX Error: Invalid UTF-8 byte sequence (�\lst@EC�\lst@EC�).

See the LaTeX manual or LaTeX Companion for explanation.
Type  H <return>  for immediate help.
 ...                                              
                                                  
l.548 ...��─────────────
                                                  
The document does not appear to be in UTF-8 encoding.
Try adding \UseRawInputEncoding as the first line of the file
or specify an encoding such as \usepackage [latin1]{inputenc}
in the document preamble.
Alternatively, save the file in UTF-8 using your editor or another tool


lab1_V2.py:548: LaTeX Error: Invalid UTF-8 byte sequence (�\lst@EC�\lst@EC�).

See the LaTeX manual or LaTeX Companion for explanation.
Type  H <return>  for immediate help.
 ...                                              
                                                  
l.548 ...��─────────────
                                                  
The document does not appear to be in UTF-8 encoding.
Try adding \UseRawInputEncoding as the first line of the file
or specify an encoding such as \usepackage [latin1]{inputenc}
in the document preamble.
Alternatively, save the file in UTF-8 using your editor or another tool


lab1_V2.py:548: LaTeX Error: Invalid UTF-8 byte sequence (�\lst@EC�\lst@EC�).

See the LaTeX manual or LaTeX Companion for explanation.
Type  H <return>  for immediate help.
 ...                                              
                                                  
l.548 ...��─────────────
                                                  
The document does not appear to be in UTF-8 encoding.
Try adding \UseRawInputEncoding as the first line of the file
or specify an encoding such as \usepackage [latin1]{inputenc}
in the document preamble.
Alternatively, save the file in UTF-8 using your editor or another tool


lab1_V2.py:548: LaTeX Error: Invalid UTF-8 byte sequence (�\lst@EC�\lst@EC�).

See the LaTeX manual or LaTeX Companion for explanation.
Type  H <return>  for immediate help.
 ...                                              
                                                  
l.548 ...��─────────────
                                                  
The document does not appear to be in UTF-8 encoding.
Try adding \UseRawInputEncoding as the first line of the file
or specify an encoding such as \usepackage [latin1]{inputenc}
in the document preamble.
Alternatively, save the file in UTF-8 using your editor or another tool


lab1_V2.py:548: LaTeX Error: Invalid UTF-8 byte sequence (�\lst@EC�\lst@EC�).

See the LaTeX manual or LaTeX Companion for explanation.
Type  H <return>  for immediate help.
 ...                                              
                                                  
l.548 ...��─────────────
                                                  
The document does not appear to be in UTF-8 encoding.
Try adding \UseRawInputEncoding as the first line of the file
or specify an encoding such as \usepackage [latin1]{inputenc}
in the document preamble.
Alternatively, save the file in UTF-8 using your editor or another tool


lab1_V2.py:548: LaTeX Error: Invalid UTF-8 byte sequence (�\lst@EC�\lst@EC�).

See the LaTeX manual or LaTeX Companion for explanation.
Type  H <return>  for immediate help.
 ...                                              
                                                  
l.548 ...��─────────────
                                                  
The document does not appear to be in UTF-8 encoding.
Try adding \UseRawInputEncoding as the first line of the file
or specify an encoding such as \usepackage [latin1]{inputenc}
in the document preamble.
Alternatively, save the file in UTF-8 using your editor or another tool


lab1_V2.py:548: LaTeX Error: Invalid UTF-8 byte sequence (�\lst@EC�\lst@EC�).

See the LaTeX manual or LaTeX Companion for explanation.
Type  H <return>  for immediate help.
 ...                                              
                                                  
l.548 ...��─────────────
                                                  
The document does not appear to be in UTF-8 encoding.
Try adding \UseRawInputEncoding as the first line of the file
or specify an encoding such as \usepackage [latin1]{inputenc}
in the document preamble.
Alternatively, save the file in UTF-8 using your editor or another tool


lab1_V2.py:548: LaTeX Error: Invalid UTF-8 byte sequence (�\lst@EC�\lst@EC�).

See the LaTeX manual or LaTeX Companion for explanation.
Type  H <return>  for immediate help.
 ...                                              
                                                  
l.548 ...��─────────────
                                                  
The document does not appear to be in UTF-8 encoding.
Try adding \UseRawInputEncoding as the first line of the file
or specify an encoding such as \usepackage [latin1]{inputenc}
in the document preamble.
Alternatively, save the file in UTF-8 using your editor or another tool


lab1_V2.py:548: LaTeX Error: Invalid UTF-8 byte sequence (�\lst@EC�\lst@EC�).

See the LaTeX manual or LaTeX Companion for explanation.
Type  H <return>  for immediate help.
 ...                                              
                                                  
l.548 ...��─────────────
                                                  
The document does not appear to be in UTF-8 encoding.
Try adding \UseRawInputEncoding as the first line of the file
or specify an encoding such as \usepackage [latin1]{inputenc}
in the document preamble.
Alternatively, save the file in UTF-8 using your editor or another tool


lab1_V2.py:548: LaTeX Error: Invalid UTF-8 byte sequence (�\lst@EC�\lst@EC�).

See the LaTeX manual or LaTeX Companion for explanation.
Type  H <return>  for immediate help.
 ...                                              
                                                  
l.548 ...��─────────────
                                                  
The document does not appear to be in UTF-8 encoding.
Try adding \UseRawInputEncoding as the first line of the file
or specify an encoding such as \usepackage [latin1]{inputenc}
in the document preamble.
Alternatively, save the file in UTF-8 using your editor or another tool


lab1_V2.py:548: LaTeX Error: Invalid UTF-8 byte sequence (�\lst@EC�\lst@EC�).

See the LaTeX manual or LaTeX Companion for explanation.
Type  H <return>  for immediate help.
 ...                                              
                                                  
l.548 ...��─────────────
                                                  
The document does not appear to be in UTF-8 encoding.
Try adding \UseRawInputEncoding as the first line of the file
or specify an encoding such as \usepackage [latin1]{inputenc}
in the document preamble.
Alternatively, save the file in UTF-8 using your editor or another tool


lab1_V2.py:548: LaTeX Error: Invalid UTF-8 byte sequence (�\lst@EC�\lst@EC�).

See the LaTeX manual or LaTeX Companion for explanation.
Type  H <return>  for immediate help.
 ...                                              
                                                  
l.548 ...��─────────────
                                                  
The document does not appear to be in UTF-8 encoding.
Try adding \UseRawInputEncoding as the first line of the file
or specify an encoding such as \usepackage [latin1]{inputenc}
in the document preamble.
Alternatively, save the file in UTF-8 using your editor or another tool


Overfull \hbox (332.31143pt too wide) in paragraph at lines 548--549
[][][][][][][][][][][][][][][][][][][][][][][][][][][][] 
 []


Overfull \hbox (56.30862pt too wide) in paragraph at lines 557--558
[][][][][][][][][][][][][][][][][][][][][][][][][][][][][][][][][][][][][][]
 []


lab1_V2.py:558: LaTeX Error: Invalid UTF-8 byte sequence (�\expandafter).

See the LaTeX manual or LaTeX Companion for explanation.
Type  H <return>  for immediate help.
 ...                                              
                                                  
l.558 ... enob_mean, color='green', label='Média'
                                                  ,                         ...
The document does not appear to be in UTF-8 encoding.
Try adding \UseRawInputEncoding as the first line of the file
or specify an encoding such as \usepackage [latin1]{inputenc}
in the document preamble.
Alternatively, save the file in UTF-8 using your editor or another tool


lab1_V2.py:558: LaTeX Error: Invalid UTF-8 byte "A9.

See the LaTeX manual or LaTeX Companion for explanation.
Type  H <return>  for immediate help.
 ...                                              
                                                  
l.558 ... enob_mean, color='green', label='Média'
                                                  ,                         ...
The document does not appear to be in UTF-8 encoding.
Try adding \UseRawInputEncoding as the first line of the file
or specify an encoding such as \usepackage [latin1]{inputenc}
in the document preamble.
Alternatively, save the file in UTF-8 using your editor or another tool


Overfull \hbox (68.30875pt too wide) in paragraph at lines 558--559
[][][][][][][][][][][][][][][][][][][][][][][][][][][][]
 []


lab1_V2.py:559: LaTeX Error: Invalid UTF-8 byte sequence (�\expandafter).

See the LaTeX manual or LaTeX Companion for explanation.
Type  H <return>  for immediate help.
 ...                                              
                                                  
l.559 ...='red',   label='Percentil 1  (critério 
                                                  yield 99%)', linewidth=1.5)
The document does not appear to be in UTF-8 encoding.
Try adding \UseRawInputEncoding as the first line of the file
or specify an encoding such as \usepackage [latin1]{inputenc}
in the document preamble.
Alternatively, save the file in UTF-8 using your editor or another tool


lab1_V2.py:559: LaTeX Error: Invalid UTF-8 byte "A9.

See the LaTeX manual or LaTeX Companion for explanation.
Type  H <return>  for immediate help.
 ...                                              
                                                  
l.559 ...='red',   label='Percentil 1  (critério 
                                                  yield 99%)', linewidth=1.5)
The document does not appear to be in UTF-8 encoding.
Try adding \UseRawInputEncoding as the first line of the file
or specify an encoding such as \usepackage [latin1]{inputenc}
in the document preamble.
Alternatively, save the file in UTF-8 using your editor or another tool


Overfull \hbox (164.30972pt too wide) in paragraph at lines 559--561
[][][][][][][][][][][][][][][][][][][][][][][][][][][][][][][][][][][][][][][][][][][] 
 []


lab1_V2.py:564: LaTeX Error: Invalid UTF-8 byte sequence (�\lst@FillFixed@).

See the LaTeX manual or LaTeX Companion for explanation.
Type  H <return>  for immediate help.
 ...                                              
                                                  
l.564            label=f'σ_max 
                                = {sigma_max_pct:.3f} %  (yield {yield_alvo*...
The document does not appear to be in UTF-8 encoding.
Try adding \UseRawInputEncoding as the first line of the file
or specify an encoding such as \usepackage [latin1]{inputenc}
in the document preamble.
Alternatively, save the file in UTF-8 using your editor or another tool


lab1_V2.py:564: LaTeX Error: Invalid UTF-8 byte "83.

See the LaTeX manual or LaTeX Companion for explanation.
Type  H <return>  for immediate help.
 ...                                              
                                                  
l.564            label=f'σ_max 
                                = {sigma_max_pct:.3f} %  (yield {yield_alvo*...
The document does not appear to be in UTF-8 encoding.
Try adding \UseRawInputEncoding as the first line of the file
or specify an encoding such as \usepackage [latin1]{inputenc}
in the document preamble.
Alternatively, save the file in UTF-8 using your editor or another tool


Overfull \hbox (14.3082pt too wide) in paragraph at lines 564--566
[][][][][][][][][][][][][][][][][][][][][][][][][][][][][][][][][] 
 []


lab1_V2.py:568: LaTeX Error: Invalid UTF-8 byte sequence (�\lst@FillFixed@).

See the LaTeX manual or LaTeX Companion for explanation.
Type  H <return>  for immediate help.
 ...                                              
                                                  
l.568            label=f'Paper: Cu 4×4 
                                        µm²  →  σ = {sigma_paper:.3f} %')
The document does not appear to be in UTF-8 encoding.
Try adding \UseRawInputEncoding as the first line of the file
or specify an encoding such as \usepackage [latin1]{inputenc}
in the document preamble.
Alternatively, save the file in UTF-8 using your editor or another tool


lab1_V2.py:568: LaTeX Error: Invalid UTF-8 byte "97.

See the LaTeX manual or LaTeX Companion for explanation.
Type  H <return>  for immediate help.
 ...                                              
                                                  
l.568            label=f'Paper: Cu 4×4 
                                        µm²  →  σ = {sigma_paper:.3f} %')
The document does not appear to be in UTF-8 encoding.
Try adding \UseRawInputEncoding as the first line of the file
or specify an encoding such as \usepackage [latin1]{inputenc}
in the document preamble.
Alternatively, save the file in UTF-8 using your editor or another tool


lab1_V2.py:568: LaTeX Error: Invalid UTF-8 byte sequence (�\lst@FillFixed@).

See the LaTeX manual or LaTeX Companion for explanation.
Type  H <return>  for immediate help.
 ...                                              
                                                  
l.568            label=f'Paper: Cu 4×4 µm² 
                                               →  σ = {sigma_paper:.3f} %')
The document does not appear to be in UTF-8 encoding.
Try adding \UseRawInputEncoding as the first line of the file
or specify an encoding such as \usepackage [latin1]{inputenc}
in the document preamble.
Alternatively, save the file in UTF-8 using your editor or another tool


lab1_V2.py:568: LaTeX Error: Invalid UTF-8 byte "B5.

See the LaTeX manual or LaTeX Companion for explanation.
Type  H <return>  for immediate help.
 ...                                              
                                                  
l.568            label=f'Paper: Cu 4×4 µm² 
                                               →  σ = {sigma_paper:.3f} %')
The document does not appear to be in UTF-8 encoding.
Try adding \UseRawInputEncoding as the first line of the file
or specify an encoding such as \usepackage [latin1]{inputenc}
in the document preamble.
Alternatively, save the file in UTF-8 using your editor or another tool


lab1_V2.py:568: LaTeX Error: Invalid UTF-8 byte sequence (�\lst@EC�).

See the LaTeX manual or LaTeX Companion for explanation.
Type  H <return>  for immediate help.
 ...                                              
                                                  
l.568            label=f'Paper: Cu 4×4 µm² 
                                               →  σ = {sigma_paper:.3f} %')
The document does not appear to be in UTF-8 encoding.
Try adding \UseRawInputEncoding as the first line of the file
or specify an encoding such as \usepackage [latin1]{inputenc}
in the document preamble.
Alternatively, save the file in UTF-8 using your editor or another tool


lab1_V2.py:568: LaTeX Error: Invalid UTF-8 byte sequence (�\lst@FillFixed@\lst@EC�).

See the LaTeX manual or LaTeX Companion for explanation.
Type  H <return>  for immediate help.
 ...                                              
                                                  
l.568 ...       label=f'Paper: Cu 4×4 µm²  → 
                                                   σ = {sigma_paper:.3f} %')
The document does not appear to be in UTF-8 encoding.
Try adding \UseRawInputEncoding as the first line of the file
or specify an encoding such as \usepackage [latin1]{inputenc}
in the document preamble.
Alternatively, save the file in UTF-8 using your editor or another tool


lab1_V2.py:568: LaTeX Error: Invalid UTF-8 byte "92.

See the LaTeX manual or LaTeX Companion for explanation.
Type  H <return>  for immediate help.
 ...                                              
                                                  
l.568 ...       label=f'Paper: Cu 4×4 µm²  → 
                                                   σ = {sigma_paper:.3f} %')
The document does not appear to be in UTF-8 encoding.
Try adding \UseRawInputEncoding as the first line of the file
or specify an encoding such as \usepackage [latin1]{inputenc}
in the document preamble.
Alternatively, save the file in UTF-8 using your editor or another tool


lab1_V2.py:568: LaTeX Error: Invalid UTF-8 byte sequence (�\lst@FillFixed@).

See the LaTeX manual or LaTeX Companion for explanation.
Type  H <return>  for immediate help.
 ...                                              
                                                  
l.568 ...   label=f'Paper: Cu 4×4 µm²  →  σ 
                                                  = {sigma_paper:.3f} %')
The document does not appear to be in UTF-8 encoding.
Try adding \UseRawInputEncoding as the first line of the file
or specify an encoding such as \usepackage [latin1]{inputenc}
in the document preamble.
Alternatively, save the file in UTF-8 using your editor or another tool


lab1_V2.py:568: LaTeX Error: Invalid UTF-8 byte "83.

See the LaTeX manual or LaTeX Companion for explanation.
Type  H <return>  for immediate help.
 ...                                              
                                                  
l.568 ...   label=f'Paper: Cu 4×4 µm²  →  σ 
                                                  = {sigma_paper:.3f} %')
The document does not appear to be in UTF-8 encoding.
Try adding \UseRawInputEncoding as the first line of the file
or specify an encoding such as \usepackage [latin1]{inputenc}
in the document preamble.
Alternatively, save the file in UTF-8 using your editor or another tool


lab1_V2.py:570: LaTeX Error: Invalid UTF-8 byte sequence (�\lst@FillFixed@\lst@EC�).

See the LaTeX manual or LaTeX Companion for explanation.
Type  H <return>  for immediate help.
 ...                                              
                                                  
l.570 ...tor Mismatch ($\sigma_{\Delta C/C}$) — 
                                                  Alínea h)")
The document does not appear to be in UTF-8 encoding.
Try adding \UseRawInputEncoding as the first line of the file
or specify an encoding such as \usepackage [latin1]{inputenc}
in the document preamble.
Alternatively, save the file in UTF-8 using your editor or another tool


lab1_V2.py:570: LaTeX Error: Invalid UTF-8 byte "94.

See the LaTeX manual or LaTeX Companion for explanation.
Type  H <return>  for immediate help.
 ...                                              
                                                  
l.570 ...tor Mismatch ($\sigma_{\Delta C/C}$) — 
                                                  Alínea h)")
The document does not appear to be in UTF-8 encoding.
Try adding \UseRawInputEncoding as the first line of the file
or specify an encoding such as \usepackage [latin1]{inputenc}
in the document preamble.
Alternatively, save the file in UTF-8 using your editor or another tool


lab1_V2.py:570: LaTeX Error: Invalid UTF-8 byte sequence (�\expandafter).

See the LaTeX manual or LaTeX Companion for explanation.
Type  H <return>  for immediate help.
 ...                                              
                                                  
l.570 ...atch ($\sigma_{\Delta C/C}$) — Alínea 
                                                  h)")
The document does not appear to be in UTF-8 encoding.
Try adding \UseRawInputEncoding as the first line of the file
or specify an encoding such as \usepackage [latin1]{inputenc}
in the document preamble.
Alternatively, save the file in UTF-8 using your editor or another tool


lab1_V2.py:570: LaTeX Error: Invalid UTF-8 byte "AD.

See the LaTeX manual or LaTeX Companion for explanation.
Type  H <return>  for immediate help.
 ...                                              
                                                  
l.570 ...atch ($\sigma_{\Delta C/C}$) — Alínea 
                                                  h)")
The document does not appear to be in UTF-8 encoding.
Try adding \UseRawInputEncoding as the first line of the file
or specify an encoding such as \usepackage [latin1]{inputenc}
in the document preamble.
Alternatively, save the file in UTF-8 using your editor or another tool


Overfull \hbox (14.3082pt too wide) in paragraph at lines 570--571
[][][][][][][][][][][][][][][][][][][][][][][][][][][][][][][][][][][][][][][][] 
 []

))
File: IMAGENS/logo_fct.png Graphic file (type png)
<use IMAGENS/logo_fct.png>
Package pdftex.def Info: IMAGENS/logo_fct.png  used on input line 39.
(pdftex.def)             Requested size: 120.08568pt x 28.45274pt.


Package fancyhdr Warning: \headheight is too small (12.0pt): 
(fancyhdr)                Make it at least 32.05278pt, for example:
(fancyhdr)                \setlength{\headheight}{32.05278pt}.
(fancyhdr)                You might also make \topmargin smaller:
(fancyhdr)                \addtolength{\topmargin}{-20.05278pt}.

[23] (main.aux)
 ***********
LaTeX2e <2025-11-01>
L3 programming layer <2025-11-06>
 ***********


LaTeX Warning: There were undefined references.


LaTeX Warning: Label(s) may have changed. Rerun to get cross-references right.


Package rerunfilecheck Warning: File `main.out' has changed.
(rerunfilecheck)                Rerun to get outlines right
(rerunfilecheck)                or use package `bookmark'.

Package rerunfilecheck Info: Checksums for `main.out':
(rerunfilecheck)             Before: <no file>
(rerunfilecheck)             After:  5260AE9B9352347938C12B1FB494DFA6;1833.
 ) 
Here is how much of TeX's memory you used:
 19355 strings out of 467871
 309668 string characters out of 5418375
 1004540 words of memory out of 5000000
 47273 multiletter control sequences out of 15000+600000
 696999 words of font info for 89 fonts, out of 8000000 for 9000
 1141 hyphenation exceptions out of 8191
 77i,16n,93p,1250b,2168s stack positions out of 10000i,1000n,20000p,200000b,200000s
<C:/Users/denpo/AppData/Local/Programs/MiKTeX/fonts/type1/public/lm/lmbx10.pfb><C:/Users/denpo/AppData/Local/Programs/MiKTeX/fonts/type1/public/lm/lmbx12.pfb><C:/Users/denpo/AppData/Local/Programs/MiKTeX/fonts/type1/public/lm/lmbxi10.pfb><C:/Users/denpo/AppData/Local/Programs/MiKTeX/fonts/type1/public/lm/lmex10.pfb><C:/Users/denpo/AppData/Local/Programs/MiKTeX/fonts/type1/public/lm/lmmi10.pfb><C:/Users/denpo/AppData/Local/Programs/MiKTeX/fonts/type1/public/lm/lmmi5.pfb><C:/Users/denpo/AppData/Local/Programs/MiKTeX/fonts/type1/public/lm/lmmi7.pfb><C:/Users/denpo/AppData/Local/Programs/MiKTeX/fonts/type1/public/lm/lmr10.pfb><C:/Users/denpo/AppData/Local/Programs/MiKTeX/fonts/type1/public/lm/lmr12.pfb><C:/Users/denpo/AppData/Local/Programs/MiKTeX/fonts/type1/public/lm/lmr7.pfb><C:/Users/denpo/AppData/Local/Programs/MiKTeX/fonts/type1/public/lm/lmr8.pfb><C:/Users/denpo/AppData/Local/Programs/MiKTeX/fonts/type1/public/lm/lmr9.pfb><C:/Users/denpo/AppData/Local/Programs/MiKTeX/fonts/type1/public/lm/lmri10.pfb><C:/Users/denpo/AppData/Local/Programs/MiKTeX/fonts/type1/public/lm/lmsy10.pfb><C:/Users/denpo/AppData/Local/Programs/MiKTeX/fonts/type1/public/lm/lmsy7.pfb><C:/Users/denpo/AppData/Local/Programs/MiKTeX/fonts/type1/public/lm/lmtt10.pfb>
Output written on main.pdf (24 pages, 1070430 bytes).
PDF statistics:
 959 PDF objects out of 1000 (max. 8388607)
 635 named destinations out of 1000 (max. 500000)
 56 words of extra memory for PDF output out of 10000 (max. 10000000)

